<?xml version="1.0" encoding="utf-8"?>
<ArrayOfTransponder xmlns:xsi="http://www.w3.org/2001/XMLSchema-instance" xmlns:xsd="http://www.w3.org/2001/XMLSchema">
  <Transponder>
    <CarrierFrequency>3660000</CarrierFrequency>
    <Polarisation>LinearV</Polarisation>
    <SymbolRate>27500</SymbolRate>
    <Modulation>ModNotSet</Modulation>
    <InnerFecRate>Rate3_4</InnerFecRate>
    <Pilot>NotSet</Pilot>
    <Rolloff>NotSet</Rolloff>
  </Transponder>
  <Transponder>
    <CarrierFrequency>3668000</CarrierFrequency>
    <Polarisation>LinearH</Polarisation>
    <SymbolRate>7120</SymbolRate>
    <Modulation>ModNotSet</Modulation>
    <InnerFecRate>Rate3_4</InnerFecRate>
    <Pilot>NotSet</Pilot>
    <Rolloff>NotSet</Rolloff>
  </Transponder>
  <Transponder>
    <CarrierFrequency>3674000</CarrierFrequency>
    <Polarisation>LinearH</Polarisation>
    <SymbolRate>1500</SymbolRate>
    <Modulation>ModNotSet</Modulation>
    <InnerFecRate>Rate3_4</InnerFecRate>
    <Pilot>NotSet</Pilot>
    <Rolloff>NotSet</Rolloff>
  </Transponder>
  <Transponder>
    <CarrierFrequency>3678000</CarrierFrequency>
    <Polarisation>LinearH</Polarisation>
    <SymbolRate>4444</SymbolRate>
    <Modulation>ModNotSet</Modulation>
    <InnerFecRate>Rate2_3</InnerFecRate>
    <Pilot>NotSet</Pilot>
    <Rolloff>NotSet</Rolloff>
  </Transponder>
  <Transponder>
    <CarrierFrequency>3693000</CarrierFrequency>
    <Polarisation>LinearH</Polarisation>
    <SymbolRate>6111</SymbolRate>
    <Modulation>ModNotSet</Modulation>
    <InnerFecRate>Rate3_4</InnerFecRate>
    <Pilot>NotSet</Pilot>
    <Rolloff>NotSet</Rolloff>
  </Transponder>
  <Transponder>
    <CarrierFrequency>3705000</CarrierFrequency>
    <Polarisation>LinearH</Polarisation>
    <SymbolRate>4433</SymbolRate>
    <Modulation>ModNotSet</Modulation>
    <InnerFecRate>Rate7_8</InnerFecRate>
    <Pilot>NotSet</Pilot>
    <Rolloff>NotSet</Rolloff>
  </Transponder>
  <Transponder>
    <CarrierFrequency>3717000</CarrierFrequency>
    <Polarisation>LinearH</Polarisation>
    <SymbolRate>4167</SymbolRate>
    <Modulation>ModNotSet</Modulation>
    <InnerFecRate>Rate3_4</InnerFecRate>
    <Pilot>NotSet</Pilot>
    <Rolloff>NotSet</Rolloff>
  </Transponder>
  <Transponder>
    <CarrierFrequency>3744000</CarrierFrequency>
    <Polarisation>LinearV</Polarisation>
    <SymbolRate>6111</SymbolRate>
    <Modulation>ModNotSet</Modulation>
    <InnerFecRate>Rate3_4</InnerFecRate>
    <Pilot>NotSet</Pilot>
    <Rolloff>NotSet</Rolloff>
  </Transponder>
  <Transponder>
    <CarrierFrequency>3754000</CarrierFrequency>
    <Polarisation>LinearV</Polarisation>
    <SymbolRate>6111</SymbolRate>
    <Modulation>ModNotSet</Modulation>
    <InnerFecRate>Rate3_4</InnerFecRate>
    <Pilot>NotSet</Pilot>
    <Rolloff>NotSet</Rolloff>
  </Transponder>
  <Transponder>
    <CarrierFrequency>3760000</CarrierFrequency>
    <Polarisation>LinearH</Polarisation>
    <SymbolRate>27500</SymbolRate>
    <Modulation>ModNotSet</Modulation>
    <InnerFecRate>Rate3_4</InnerFecRate>
    <Pilot>NotSet</Pilot>
    <Rolloff>NotSet</Rolloff>
  </Transponder>
  <Transponder>
    <CarrierFrequency>3774000</CarrierFrequency>
    <Polarisation>LinearH</Polarisation>
    <SymbolRate>6111</SymbolRate>
    <Modulation>ModNotSet</Modulation>
    <InnerFecRate>Rate3_4</InnerFecRate>
    <Pilot>NotSet</Pilot>
    <Rolloff>NotSet</Rolloff>
  </Transponder>
  <Transponder>
    <CarrierFrequency>3776000</CarrierFrequency>
    <Polarisation>LinearV</Polarisation>
    <SymbolRate>6111</SymbolRate>
    <Modulation>ModNotSet</Modulation>
    <InnerFecRate>Rate3_4</InnerFecRate>
    <Pilot>NotSet</Pilot>
    <Rolloff>NotSet</Rolloff>
  </Transponder>
  <Transponder>
    <CarrierFrequency>3785000</CarrierFrequency>
    <Polarisation>LinearV</Polarisation>
    <SymbolRate>6111</SymbolRate>
    <Modulation>ModNotSet</Modulation>
    <InnerFecRate>Rate3_4</InnerFecRate>
    <Pilot>NotSet</Pilot>
    <Rolloff>NotSet</Rolloff>
  </Transponder>
  <Transponder>
    <CarrierFrequency>3786000</CarrierFrequency>
    <Polarisation>LinearH</Polarisation>
    <SymbolRate>6000</SymbolRate>
    <Modulation>ModNotSet</Modulation>
    <InnerFecRate>Rate7_8</InnerFecRate>
    <Pilot>NotSet</Pilot>
    <Rolloff>NotSet</Rolloff>
  </Transponder>
  <Transponder>
    <CarrierFrequency>3799000</CarrierFrequency>
    <Polarisation>LinearH</Polarisation>
    <SymbolRate>3255</SymbolRate>
    <Modulation>ModNotSet</Modulation>
    <InnerFecRate>Rate3_4</InnerFecRate>
    <Pilot>NotSet</Pilot>
    <Rolloff>NotSet</Rolloff>
  </Transponder>
  <Transponder>
    <CarrierFrequency>3805000</CarrierFrequency>
    <Polarisation>LinearH</Polarisation>
    <SymbolRate>4726</SymbolRate>
    <Modulation>ModNotSet</Modulation>
    <InnerFecRate>Rate2_3</InnerFecRate>
    <Pilot>NotSet</Pilot>
    <Rolloff>NotSet</Rolloff>
  </Transponder>
  <Transponder>
    <CarrierFrequency>3820000</CarrierFrequency>
    <Polarisation>LinearV</Polarisation>
    <SymbolRate>27500</SymbolRate>
    <Modulation>ModNotSet</Modulation>
    <InnerFecRate>Rate3_4</InnerFecRate>
    <Pilot>NotSet</Pilot>
    <Rolloff>NotSet</Rolloff>
  </Transponder>
  <Transponder>
    <CarrierFrequency>3886000</CarrierFrequency>
    <Polarisation>LinearV</Polarisation>
    <SymbolRate>7500</SymbolRate>
    <Modulation>ModNotSet</Modulation>
    <InnerFecRate>Rate3_4</InnerFecRate>
    <Pilot>NotSet</Pilot>
    <Rolloff>NotSet</Rolloff>
  </Transponder>
  <Transponder>
    <CarrierFrequency>3895000</CarrierFrequency>
    <Polarisation>LinearV</Polarisation>
    <SymbolRate>6111</SymbolRate>
    <Modulation>ModNotSet</Modulation>
    <InnerFecRate>Rate3_4</InnerFecRate>
    <Pilot>NotSet</Pilot>
    <Rolloff>NotSet</Rolloff>
  </Transponder>
  <Transponder>
    <CarrierFrequency>3908000</CarrierFrequency>
    <Polarisation>LinearH</Polarisation>
    <SymbolRate>6666</SymbolRate>
    <Modulation>ModNotSet</Modulation>
    <InnerFecRate>Rate3_4</InnerFecRate>
    <Pilot>NotSet</Pilot>
    <Rolloff>NotSet</Rolloff>
  </Transponder>
  <Transponder>
    <CarrierFrequency>3913000</CarrierFrequency>
    <Polarisation>LinearV</Polarisation>
    <SymbolRate>6111</SymbolRate>
    <Modulation>ModNotSet</Modulation>
    <InnerFecRate>Rate3_4</InnerFecRate>
    <Pilot>NotSet</Pilot>
    <Rolloff>NotSet</Rolloff>
  </Transponder>
  <Transponder>
    <CarrierFrequency>3927000</CarrierFrequency>
    <Polarisation>LinearV</Polarisation>
    <SymbolRate>6111</SymbolRate>
    <Modulation>ModNotSet</Modulation>
    <InnerFecRate>Rate3_4</InnerFecRate>
    <Pilot>NotSet</Pilot>
    <Rolloff>NotSet</Rolloff>
  </Transponder>
  <Transponder>
    <CarrierFrequency>3937000</CarrierFrequency>
    <Polarisation>LinearV</Polarisation>
    <SymbolRate>4500</SymbolRate>
    <Modulation>ModNotSet</Modulation>
    <InnerFecRate>Rate3_4</InnerFecRate>
    <Pilot>NotSet</Pilot>
    <Rolloff>NotSet</Rolloff>
  </Transponder>
  <Transponder>
    <CarrierFrequency>3953000</CarrierFrequency>
    <Polarisation>LinearV</Polarisation>
    <SymbolRate>6111</SymbolRate>
    <Modulation>ModNotSet</Modulation>
    <InnerFecRate>Rate3_4</InnerFecRate>
    <Pilot>NotSet</Pilot>
    <Rolloff>NotSet</Rolloff>
  </Transponder>
  <Transponder>
    <CarrierFrequency>4000000</CarrierFrequency>
    <Polarisation>LinearH</Polarisation>
    <SymbolRate>28125</SymbolRate>
    <Modulation>ModNotSet</Modulation>
    <InnerFecRate>Rate3_4</InnerFecRate>
    <Pilot>NotSet</Pilot>
    <Rolloff>NotSet</Rolloff>
  </Transponder>
  <Transponder>
    <CarrierFrequency>4095000</CarrierFrequency>
    <Polarisation>LinearH</Polarisation>
    <SymbolRate>4433</SymbolRate>
    <Modulation>ModNotSet</Modulation>
    <InnerFecRate>Rate7_8</InnerFecRate>
    <Pilot>NotSet</Pilot>
    <Rolloff>NotSet</Rolloff>
  </Transponder>
  <Transponder>
    <CarrierFrequency>4148000</CarrierFrequency>
    <Polarisation>LinearV</Polarisation>
    <SymbolRate>11852</SymbolRate>
    <Modulation>ModNotSet</Modulation>
    <InnerFecRate>Rate3_4</InnerFecRate>
    <Pilot>NotSet</Pilot>
    <Rolloff>NotSet</Rolloff>
  </Transponder>
  <Transponder>
    <CarrierFrequency>4155000</CarrierFrequency>
    <Polarisation>LinearH</Polarisation>
    <SymbolRate>6666</SymbolRate>
    <Modulation>ModNotSet</Modulation>
    <InnerFecRate>Rate3_4</InnerFecRate>
    <Pilot>NotSet</Pilot>
    <Rolloff>NotSet</Rolloff>
  </Transponder>
  <Transponder>
    <CarrierFrequency>4164000</CarrierFrequency>
    <Polarisation>LinearH</Polarisation>
    <SymbolRate>6111</SymbolRate>
    <Modulation>ModNotSet</Modulation>
    <InnerFecRate>Rate3_4</InnerFecRate>
    <Pilot>NotSet</Pilot>
    <Rolloff>NotSet</Rolloff>
  </Transponder>
  <Transponder>
    <CarrierFrequency>4167000</CarrierFrequency>
    <Polarisation>LinearH</Polarisation>
    <SymbolRate>4167</SymbolRate>
    <Modulation>ModNotSet</Modulation>
    <InnerFecRate>Rate5_6</InnerFecRate>
    <Pilot>NotSet</Pilot>
    <Rolloff>NotSet</Rolloff>
  </Transponder>
  <Transponder>
    <CarrierFrequency>4174000</CarrierFrequency>
    <Polarisation>LinearH</Polarisation>
    <SymbolRate>5632</SymbolRate>
    <Modulation>ModNotSet</Modulation>
    <InnerFecRate>Rate3_4</InnerFecRate>
    <Pilot>NotSet</Pilot>
    <Rolloff>NotSet</Rolloff>
  </Transponder>
  <Transponder>
    <CarrierFrequency>12267000</CarrierFrequency>
    <Polarisation>LinearV</Polarisation>
    <SymbolRate>3000</SymbolRate>
    <Modulation>ModNotSet</Modulation>
    <InnerFecRate>Rate3_4</InnerFecRate>
    <Pilot>NotSet</Pilot>
    <Rolloff>NotSet</Rolloff>
  </Transponder>
  <Transponder>
    <CarrierFrequency>12288000</CarrierFrequency>
    <Polarisation>LinearV</Polarisation>
    <SymbolRate>1330</SymbolRate>
    <Modulation>ModNotSet</Modulation>
    <InnerFecRate>Rate3_4</InnerFecRate>
    <Pilot>NotSet</Pilot>
    <Rolloff>NotSet</Rolloff>
  </Transponder>
  <Transponder>
    <CarrierFrequency>12323000</CarrierFrequency>
    <Polarisation>LinearV</Polarisation>
    <SymbolRate>12000</SymbolRate>
    <Modulation>ModNotSet</Modulation>
    <InnerFecRate>Rate3_4</InnerFecRate>
    <Pilot>NotSet</Pilot>
    <Rolloff>NotSet</Rolloff>
  </Transponder>
  <Transponder>
    <CarrierFrequency>12377000</CarrierFrequency>
    <Polarisation>LinearV</Polarisation>
    <SymbolRate>2000</SymbolRate>
    <Modulation>ModNotSet</Modulation>
    <InnerFecRate>Rate3_4</InnerFecRate>
    <Pilot>NotSet</Pilot>
    <Rolloff>NotSet</Rolloff>
  </Transponder>
  <Transponder>
    <CarrierFrequency>12381000</CarrierFrequency>
    <Polarisation>LinearV</Polarisation>
    <SymbolRate>2000</SymbolRate>
    <Modulation>ModNotSet</Modulation>
    <InnerFecRate>Rate3_4</InnerFecRate>
    <Pilot>NotSet</Pilot>
    <Rolloff>NotSet</Rolloff>
  </Transponder>
  <Transponder>
    <CarrierFrequency>12386000</CarrierFrequency>
    <Polarisation>LinearV</Polarisation>
    <SymbolRate>2000</SymbolRate>
    <Modulation>ModNotSet</Modulation>
    <InnerFecRate>Rate3_4</InnerFecRate>
    <Pilot>NotSet</Pilot>
    <Rolloff>NotSet</Rolloff>
  </Transponder>
  <Transponder>
    <CarrierFrequency>12437000</CarrierFrequency>
    <Polarisation>LinearV</Polarisation>
    <SymbolRate>2590</SymbolRate>
    <Modulation>ModNotSet</Modulation>
    <InnerFecRate>Rate3_4</InnerFecRate>
    <Pilot>NotSet</Pilot>
    <Rolloff>NotSet</Rolloff>
  </Transponder>
  <Transponder>
    <CarrierFrequency>12515000</CarrierFrequency>
    <Polarisation>LinearH</Polarisation>
    <SymbolRate>6200</SymbolRate>
    <Modulation>ModNotSet</Modulation>
    <InnerFecRate>Rate3_4</InnerFecRate>
    <Pilot>NotSet</Pilot>
    <Rolloff>NotSet</Rolloff>
  </Transponder>
  <Transponder>
    <CarrierFrequency>12522000</CarrierFrequency>
    <Polarisation>LinearV</Polarisation>
    <SymbolRate>40700</SymbolRate>
    <Modulation>ModNotSet</Modulation>
    <InnerFecRate>Rate3_4</InnerFecRate>
    <Pilot>NotSet</Pilot>
    <Rolloff>NotSet</Rolloff>
  </Transponder>
  <Transponder>
    <CarrierFrequency>12542000</CarrierFrequency>
    <Polarisation>LinearH</Polarisation>
    <SymbolRate>6111</SymbolRate>
    <Modulation>ModNotSet</Modulation>
    <InnerFecRate>Rate3_4</InnerFecRate>
    <Pilot>NotSet</Pilot>
    <Rolloff>NotSet</Rolloff>
  </Transponder>
  <Transponder>
    <CarrierFrequency>12582000</CarrierFrequency>
    <Polarisation>LinearH</Polarisation>
    <SymbolRate>5632</SymbolRate>
    <Modulation>ModNotSet</Modulation>
    <InnerFecRate>Rate3_4</InnerFecRate>
    <Pilot>NotSet</Pilot>
    <Rolloff>NotSet</Rolloff>
  </Transponder>
  <Transponder>
    <CarrierFrequency>12591000</CarrierFrequency>
    <Polarisation>LinearH</Polarisation>
    <SymbolRate>5632</SymbolRate>
    <Modulation>ModNotSet</Modulation>
    <InnerFecRate>Rate3_4</InnerFecRate>
    <Pilot>NotSet</Pilot>
    <Rolloff>NotSet</Rolloff>
  </Transponder>
  <Transponder>
    <CarrierFrequency>12602000</CarrierFrequency>
    <Polarisation>LinearH</Polarisation>
    <SymbolRate>5632</SymbolRate>
    <Modulation>ModNotSet</Modulation>
    <InnerFecRate>Rate3_4</InnerFecRate>
    <Pilot>NotSet</Pilot>
    <Rolloff>NotSet</Rolloff>
  </Transponder>
  <Transponder>
    <CarrierFrequency>12620000</CarrierFrequency>
    <Polarisation>LinearH</Polarisation>
    <SymbolRate>6300</SymbolRate>
    <Modulation>ModNotSet</Modulation>
    <InnerFecRate>Rate3_4</InnerFecRate>
    <Pilot>NotSet</Pilot>
    <Rolloff>NotSet</Rolloff>
  </Transponder>
  <Transponder>
    <CarrierFrequency>12635000</CarrierFrequency>
    <Polarisation>LinearH</Polarisation>
    <SymbolRate>8880</SymbolRate>
    <Modulation>ModNotSet</Modulation>
    <InnerFecRate>Rate3_4</InnerFecRate>
    <Pilot>NotSet</Pilot>
    <Rolloff>NotSet</Rolloff>
  </Transponder>
  <Transponder>
    <CarrierFrequency>3630000</CarrierFrequency>
    <Polarisation>LinearH</Polarisation>
    <SymbolRate>1443</SymbolRate>
    <Modulation>Mod8Psk</Modulation>
    <InnerFecRate>Rate3_4</InnerFecRate>
    <Pilot>On</Pilot>
    <Rolloff>ThirtyFive</Rolloff>
  </Transponder>
  <Transponder>
    <CarrierFrequency>3643000</CarrierFrequency>
    <Polarisation>LinearH</Polarisation>
    <SymbolRate>20640</SymbolRate>
    <Modulation>Mod8Psk</Modulation>
    <InnerFecRate>Rate3_4</InnerFecRate>
    <Pilot>On</Pilot>
    <Rolloff>ThirtyFive</Rolloff>
  </Transponder>
  <Transponder>
    <CarrierFrequency>3683000</CarrierFrequency>
    <Polarisation>LinearH</Polarisation>
    <SymbolRate>1444</SymbolRate>
    <Modulation>ModQpsk</Modulation>
    <InnerFecRate>Rate2_3</InnerFecRate>
    <Pilot>Off</Pilot>
    <Rolloff>ThirtyFive</Rolloff>
  </Transponder>
  <Transponder>
    <CarrierFrequency>3700000</CarrierFrequency>
    <Polarisation>LinearV</Polarisation>
    <SymbolRate>30000</SymbolRate>
    <Modulation>Mod8Psk</Modulation>
    <InnerFecRate>Rate3_4</InnerFecRate>
    <Pilot>On</Pilot>
    <Rolloff>ThirtyFive</Rolloff>
  </Transponder>
  <Transponder>
    <CarrierFrequency>3732000</CarrierFrequency>
    <Polarisation>LinearV</Polarisation>
    <SymbolRate>2643</SymbolRate>
    <Modulation>ModQpsk</Modulation>
    <InnerFecRate>Rate3_4</InnerFecRate>
    <Pilot>Off</Pilot>
    <Rolloff>ThirtyFive</Rolloff>
  </Transponder>
  <Transponder>
    <CarrierFrequency>3765000</CarrierFrequency>
    <Polarisation>LinearV</Polarisation>
    <SymbolRate>4640</SymbolRate>
    <Modulation>Mod8Psk</Modulation>
    <InnerFecRate>Rate3_4</InnerFecRate>
    <Pilot>On</Pilot>
    <Rolloff>ThirtyFive</Rolloff>
  </Transponder>
  <Transponder>
    <CarrierFrequency>3794000</CarrierFrequency>
    <Polarisation>LinearH</Polarisation>
    <SymbolRate>4640</SymbolRate>
    <Modulation>Mod8Psk</Modulation>
    <InnerFecRate>Rate3_5</InnerFecRate>
    <Pilot>On</Pilot>
    <Rolloff>ThirtyFive</Rolloff>
  </Transponder>
  <Transponder>
    <CarrierFrequency>3816000</CarrierFrequency>
    <Polarisation>LinearH</Polarisation>
    <SymbolRate>7200</SymbolRate>
    <Modulation>Mod8Psk</Modulation>
    <InnerFecRate>Rate3_4</InnerFecRate>
    <Pilot>On</Pilot>
    <Rolloff>ThirtyFive</Rolloff>
  </Transponder>
  <Transponder>
    <CarrierFrequency>3840000</CarrierFrequency>
    <Polarisation>LinearH</Polarisation>
    <SymbolRate>29720</SymbolRate>
    <Modulation>Mod8Psk</Modulation>
    <InnerFecRate>Rate5_6</InnerFecRate>
    <Pilot>On</Pilot>
    <Rolloff>ThirtyFive</Rolloff>
  </Transponder>
  <Transponder>
    <CarrierFrequency>3860000</CarrierFrequency>
    <Polarisation>LinearV</Polarisation>
    <SymbolRate>30000</SymbolRate>
    <Modulation>Mod8Psk</Modulation>
    <InnerFecRate>Rate2_3</InnerFecRate>
    <Pilot>On</Pilot>
    <Rolloff>ThirtyFive</Rolloff>
  </Transponder>
  <Transponder>
    <CarrierFrequency>3890000</CarrierFrequency>
    <Polarisation>LinearH</Polarisation>
    <SymbolRate>14400</SymbolRate>
    <Modulation>Mod8Psk</Modulation>
    <InnerFecRate>Rate3_4</InnerFecRate>
    <Pilot>On</Pilot>
    <Rolloff>ThirtyFive</Rolloff>
  </Transponder>
  <Transponder>
    <CarrierFrequency>3905000</CarrierFrequency>
    <Polarisation>LinearV</Polarisation>
    <SymbolRate>7500</SymbolRate>
    <Modulation>ModQpsk</Modulation>
    <InnerFecRate>Rate5_6</InnerFecRate>
    <Pilot>Off</Pilot>
    <Rolloff>ThirtyFive</Rolloff>
  </Transponder>
  <Transponder>
    <CarrierFrequency>3921000</CarrierFrequency>
    <Polarisation>LinearH</Polarisation>
    <SymbolRate>3223</SymbolRate>
    <Modulation>Mod8Psk</Modulation>
    <InnerFecRate>Rate3_5</InnerFecRate>
    <Pilot>On</Pilot>
    <Rolloff>ThirtyFive</Rolloff>
  </Transponder>
  <Transponder>
    <CarrierFrequency>3945000</CarrierFrequency>
    <Polarisation>LinearV</Polarisation>
    <SymbolRate>7200</SymbolRate>
    <Modulation>Mod8Psk</Modulation>
    <InnerFecRate>Rate3_4</InnerFecRate>
    <Pilot>On</Pilot>
    <Rolloff>ThirtyFive</Rolloff>
  </Transponder>
  <Transponder>
    <CarrierFrequency>3960000</CarrierFrequency>
    <Polarisation>LinearH</Polarisation>
    <SymbolRate>30000</SymbolRate>
    <Modulation>Mod8Psk</Modulation>
    <InnerFecRate>Rate5_6</InnerFecRate>
    <Pilot>On</Pilot>
    <Rolloff>ThirtyFive</Rolloff>
  </Transponder>
  <Transponder>
    <CarrierFrequency>3980000</CarrierFrequency>
    <Polarisation>LinearV</Polarisation>
    <SymbolRate>29720</SymbolRate>
    <Modulation>Mod8Psk</Modulation>
    <InnerFecRate>Rate5_6</InnerFecRate>
    <Pilot>On</Pilot>
    <Rolloff>ThirtyFive</Rolloff>
  </Transponder>
  <Transponder>
    <CarrierFrequency>4040000</CarrierFrequency>
    <Polarisation>LinearH</Polarisation>
    <SymbolRate>29720</SymbolRate>
    <Modulation>Mod8Psk</Modulation>
    <InnerFecRate>Rate5_6</InnerFecRate>
    <Pilot>On</Pilot>
    <Rolloff>ThirtyFive</Rolloff>
  </Transponder>
  <Transponder>
    <CarrierFrequency>4081000</CarrierFrequency>
    <Polarisation>LinearH</Polarisation>
    <SymbolRate>9875</SymbolRate>
    <Modulation>Mod8Psk</Modulation>
    <InnerFecRate>Rate3_4</InnerFecRate>
    <Pilot>On</Pilot>
    <Rolloff>ThirtyFive</Rolloff>
  </Transponder>
  <Transponder>
    <CarrierFrequency>4114000</CarrierFrequency>
    <Polarisation>LinearH</Polarisation>
    <SymbolRate>18400</SymbolRate>
    <Modulation>Mod8Psk</Modulation>
    <InnerFecRate>Rate2_3</InnerFecRate>
    <Pilot>On</Pilot>
    <Rolloff>ThirtyFive</Rolloff>
  </Transponder>
  <Transponder>
    <CarrierFrequency>4132000</CarrierFrequency>
    <Polarisation>LinearH</Polarisation>
    <SymbolRate>10670</SymbolRate>
    <Modulation>Mod8Psk</Modulation>
    <InnerFecRate>Rate3_5</InnerFecRate>
    <Pilot>On</Pilot>
    <Rolloff>ThirtyFive</Rolloff>
  </Transponder>
  <Transponder>
    <CarrierFrequency>4148000</CarrierFrequency>
    <Polarisation>LinearH</Polarisation>
    <SymbolRate>6111</SymbolRate>
    <Modulation>Mod8Psk</Modulation>
    <InnerFecRate>Rate3_4</InnerFecRate>
    <Pilot>On</Pilot>
    <Rolloff>ThirtyFive</Rolloff>
  </Transponder>
  <Transponder>
    <CarrierFrequency>12582000</CarrierFrequency>
    <Polarisation>LinearV</Polarisation>
    <SymbolRate>40700</SymbolRate>
    <Modulation>Mod8Psk</Modulation>
    <InnerFecRate>Rate2_3</InnerFecRate>
    <Pilot>On</Pilot>
    <Rolloff>ThirtyFive</Rolloff>
  </Transponder>
  <Transponder>
    <CarrierFrequency>12642000</CarrierFrequency>
    <Polarisation>LinearV</Polarisation>
    <SymbolRate>40700</SymbolRate>
    <Modulation>Mod8Psk</Modulation>
    <InnerFecRate>Rate2_3</InnerFecRate>
    <Pilot>On</Pilot>
    <Rolloff>ThirtyFive</Rolloff>
  </Transponder>
  <Transponder>
    <CarrierFrequency>12702000</CarrierFrequency>
    <Polarisation>LinearV</Polarisation>
    <SymbolRate>40700</SymbolRate>
    <Modulation>Mod8Psk</Modulation>
    <InnerFecRate>Rate2_3</InnerFecRate>
    <Pilot>On</Pilot>
    <Rolloff>ThirtyFive</Rolloff>
  </Transponder>
</ArrayOfTransponder>