<?xml version="1.0" encoding="utf-8"?>
<ArrayOfTransponder xmlns:xsi="http://www.w3.org/2001/XMLSchema-instance" xmlns:xsd="http://www.w3.org/2001/XMLSchema">
  <Transponder>
    <CarrierFrequency>3600000</CarrierFrequency>
    <Polarisation>LinearV</Polarisation>
    <SymbolRate>27500</SymbolRate>
    <Modulation>ModNotSet</Modulation>
    <InnerFecRate>Rate7_8</InnerFecRate>
    <Pilot>NotSet</Pilot>
    <Rolloff>NotSet</Rolloff>
  </Transponder>
  <Transponder>
    <CarrierFrequency>3640000</CarrierFrequency>
    <Polarisation>LinearV</Polarisation>
    <SymbolRate>27500</SymbolRate>
    <Modulation>ModNotSet</Modulation>
    <InnerFecRate>Rate7_8</InnerFecRate>
    <Pilot>NotSet</Pilot>
    <Rolloff>NotSet</Rolloff>
  </Transponder>
  <Transponder>
    <CarrierFrequency>3680000</CarrierFrequency>
    <Polarisation>LinearV</Polarisation>
    <SymbolRate>27500</SymbolRate>
    <Modulation>ModNotSet</Modulation>
    <InnerFecRate>Rate7_8</InnerFecRate>
    <Pilot>NotSet</Pilot>
    <Rolloff>NotSet</Rolloff>
  </Transponder>
  <Transponder>
    <CarrierFrequency>3709000</CarrierFrequency>
    <Polarisation>LinearH</Polarisation>
    <SymbolRate>10920</SymbolRate>
    <Modulation>ModNotSet</Modulation>
    <InnerFecRate>Rate3_4</InnerFecRate>
    <Pilot>NotSet</Pilot>
    <Rolloff>NotSet</Rolloff>
  </Transponder>
  <Transponder>
    <CarrierFrequency>3730000</CarrierFrequency>
    <Polarisation>LinearH</Polarisation>
    <SymbolRate>10720</SymbolRate>
    <Modulation>ModNotSet</Modulation>
    <InnerFecRate>Rate3_4</InnerFecRate>
    <Pilot>NotSet</Pilot>
    <Rolloff>NotSet</Rolloff>
  </Transponder>
  <Transponder>
    <CarrierFrequency>3740000</CarrierFrequency>
    <Polarisation>LinearV</Polarisation>
    <SymbolRate>27500</SymbolRate>
    <Modulation>ModNotSet</Modulation>
    <InnerFecRate>Rate3_4</InnerFecRate>
    <Pilot>NotSet</Pilot>
    <Rolloff>NotSet</Rolloff>
  </Transponder>
  <Transponder>
    <CarrierFrequency>3750000</CarrierFrequency>
    <Polarisation>LinearH</Polarisation>
    <SymbolRate>10490</SymbolRate>
    <Modulation>ModNotSet</Modulation>
    <InnerFecRate>Rate3_4</InnerFecRate>
    <Pilot>NotSet</Pilot>
    <Rolloff>NotSet</Rolloff>
  </Transponder>
  <Transponder>
    <CarrierFrequency>3769000</CarrierFrequency>
    <Polarisation>LinearH</Polarisation>
    <SymbolRate>13400</SymbolRate>
    <Modulation>ModNotSet</Modulation>
    <InnerFecRate>Rate7_8</InnerFecRate>
    <Pilot>NotSet</Pilot>
    <Rolloff>NotSet</Rolloff>
  </Transponder>
  <Transponder>
    <CarrierFrequency>3780000</CarrierFrequency>
    <Polarisation>LinearV</Polarisation>
    <SymbolRate>27500</SymbolRate>
    <Modulation>ModNotSet</Modulation>
    <InnerFecRate>Rate3_4</InnerFecRate>
    <Pilot>NotSet</Pilot>
    <Rolloff>NotSet</Rolloff>
  </Transponder>
  <Transponder>
    <CarrierFrequency>3796000</CarrierFrequency>
    <Polarisation>LinearH</Polarisation>
    <SymbolRate>6930</SymbolRate>
    <Modulation>ModNotSet</Modulation>
    <InnerFecRate>Rate1_2</InnerFecRate>
    <Pilot>NotSet</Pilot>
    <Rolloff>NotSet</Rolloff>
  </Transponder>
  <Transponder>
    <CarrierFrequency>3807000</CarrierFrequency>
    <Polarisation>LinearV</Polarisation>
    <SymbolRate>6000</SymbolRate>
    <Modulation>ModNotSet</Modulation>
    <InnerFecRate>Rate3_4</InnerFecRate>
    <Pilot>NotSet</Pilot>
    <Rolloff>NotSet</Rolloff>
  </Transponder>
  <Transponder>
    <CarrierFrequency>3808000</CarrierFrequency>
    <Polarisation>LinearH</Polarisation>
    <SymbolRate>8800</SymbolRate>
    <Modulation>ModNotSet</Modulation>
    <InnerFecRate>Rate3_4</InnerFecRate>
    <Pilot>NotSet</Pilot>
    <Rolloff>NotSet</Rolloff>
  </Transponder>
  <Transponder>
    <CarrierFrequency>3815000</CarrierFrequency>
    <Polarisation>LinearV</Polarisation>
    <SymbolRate>4420</SymbolRate>
    <Modulation>ModNotSet</Modulation>
    <InnerFecRate>Rate3_4</InnerFecRate>
    <Pilot>NotSet</Pilot>
    <Rolloff>NotSet</Rolloff>
  </Transponder>
  <Transponder>
    <CarrierFrequency>3825000</CarrierFrequency>
    <Polarisation>LinearV</Polarisation>
    <SymbolRate>6780</SymbolRate>
    <Modulation>ModNotSet</Modulation>
    <InnerFecRate>Rate3_4</InnerFecRate>
    <Pilot>NotSet</Pilot>
    <Rolloff>NotSet</Rolloff>
  </Transponder>
  <Transponder>
    <CarrierFrequency>3834000</CarrierFrequency>
    <Polarisation>LinearV</Polarisation>
    <SymbolRate>5400</SymbolRate>
    <Modulation>ModNotSet</Modulation>
    <InnerFecRate>Rate3_4</InnerFecRate>
    <Pilot>NotSet</Pilot>
    <Rolloff>NotSet</Rolloff>
  </Transponder>
  <Transponder>
    <CarrierFrequency>3840000</CarrierFrequency>
    <Polarisation>LinearH</Polarisation>
    <SymbolRate>27500</SymbolRate>
    <Modulation>ModNotSet</Modulation>
    <InnerFecRate>Rate3_4</InnerFecRate>
    <Pilot>NotSet</Pilot>
    <Rolloff>NotSet</Rolloff>
  </Transponder>
  <Transponder>
    <CarrierFrequency>3846000</CarrierFrequency>
    <Polarisation>LinearV</Polarisation>
    <SymbolRate>5950</SymbolRate>
    <Modulation>ModNotSet</Modulation>
    <InnerFecRate>Rate3_4</InnerFecRate>
    <Pilot>NotSet</Pilot>
    <Rolloff>NotSet</Rolloff>
  </Transponder>
  <Transponder>
    <CarrierFrequency>3854000</CarrierFrequency>
    <Polarisation>LinearV</Polarisation>
    <SymbolRate>4420</SymbolRate>
    <Modulation>ModNotSet</Modulation>
    <InnerFecRate>Rate3_4</InnerFecRate>
    <Pilot>NotSet</Pilot>
    <Rolloff>NotSet</Rolloff>
  </Transponder>
  <Transponder>
    <CarrierFrequency>3861000</CarrierFrequency>
    <Polarisation>LinearV</Polarisation>
    <SymbolRate>4800</SymbolRate>
    <Modulation>ModNotSet</Modulation>
    <InnerFecRate>Rate3_4</InnerFecRate>
    <Pilot>NotSet</Pilot>
    <Rolloff>NotSet</Rolloff>
  </Transponder>
  <Transponder>
    <CarrierFrequency>3871000</CarrierFrequency>
    <Polarisation>LinearV</Polarisation>
    <SymbolRate>9080</SymbolRate>
    <Modulation>ModNotSet</Modulation>
    <InnerFecRate>Rate3_4</InnerFecRate>
    <Pilot>NotSet</Pilot>
    <Rolloff>NotSet</Rolloff>
  </Transponder>
  <Transponder>
    <CarrierFrequency>3880000</CarrierFrequency>
    <Polarisation>LinearH</Polarisation>
    <SymbolRate>27500</SymbolRate>
    <Modulation>ModNotSet</Modulation>
    <InnerFecRate>Rate3_4</InnerFecRate>
    <Pilot>NotSet</Pilot>
    <Rolloff>NotSet</Rolloff>
  </Transponder>
  <Transponder>
    <CarrierFrequency>3885000</CarrierFrequency>
    <Polarisation>LinearV</Polarisation>
    <SymbolRate>4340</SymbolRate>
    <Modulation>ModNotSet</Modulation>
    <InnerFecRate>Rate3_4</InnerFecRate>
    <Pilot>NotSet</Pilot>
    <Rolloff>NotSet</Rolloff>
  </Transponder>
  <Transponder>
    <CarrierFrequency>3892000</CarrierFrequency>
    <Polarisation>LinearV</Polarisation>
    <SymbolRate>4420</SymbolRate>
    <Modulation>ModNotSet</Modulation>
    <InnerFecRate>Rate3_4</InnerFecRate>
    <Pilot>NotSet</Pilot>
    <Rolloff>NotSet</Rolloff>
  </Transponder>
  <Transponder>
    <CarrierFrequency>3903000</CarrierFrequency>
    <Polarisation>LinearV</Polarisation>
    <SymbolRate>9300</SymbolRate>
    <Modulation>ModNotSet</Modulation>
    <InnerFecRate>Rate3_4</InnerFecRate>
    <Pilot>NotSet</Pilot>
    <Rolloff>NotSet</Rolloff>
  </Transponder>
  <Transponder>
    <CarrierFrequency>3913000</CarrierFrequency>
    <Polarisation>LinearV</Polarisation>
    <SymbolRate>6400</SymbolRate>
    <Modulation>ModNotSet</Modulation>
    <InnerFecRate>Rate3_4</InnerFecRate>
    <Pilot>NotSet</Pilot>
    <Rolloff>NotSet</Rolloff>
  </Transponder>
  <Transponder>
    <CarrierFrequency>3920000</CarrierFrequency>
    <Polarisation>LinearH</Polarisation>
    <SymbolRate>27500</SymbolRate>
    <Modulation>ModNotSet</Modulation>
    <InnerFecRate>Rate3_4</InnerFecRate>
    <Pilot>NotSet</Pilot>
    <Rolloff>NotSet</Rolloff>
  </Transponder>
  <Transponder>
    <CarrierFrequency>3929000</CarrierFrequency>
    <Polarisation>LinearV</Polarisation>
    <SymbolRate>8840</SymbolRate>
    <Modulation>ModNotSet</Modulation>
    <InnerFecRate>Rate3_4</InnerFecRate>
    <Pilot>NotSet</Pilot>
    <Rolloff>NotSet</Rolloff>
  </Transponder>
  <Transponder>
    <CarrierFrequency>3940000</CarrierFrequency>
    <Polarisation>LinearV</Polarisation>
    <SymbolRate>5948</SymbolRate>
    <Modulation>ModNotSet</Modulation>
    <InnerFecRate>Rate3_4</InnerFecRate>
    <Pilot>NotSet</Pilot>
    <Rolloff>NotSet</Rolloff>
  </Transponder>
  <Transponder>
    <CarrierFrequency>3950000</CarrierFrequency>
    <Polarisation>LinearH</Polarisation>
    <SymbolRate>11406</SymbolRate>
    <Modulation>ModNotSet</Modulation>
    <InnerFecRate>Rate5_6</InnerFecRate>
    <Pilot>NotSet</Pilot>
    <Rolloff>NotSet</Rolloff>
  </Transponder>
  <Transponder>
    <CarrierFrequency>3951000</CarrierFrequency>
    <Polarisation>LinearV</Polarisation>
    <SymbolRate>9520</SymbolRate>
    <Modulation>ModNotSet</Modulation>
    <InnerFecRate>Rate3_4</InnerFecRate>
    <Pilot>NotSet</Pilot>
    <Rolloff>NotSet</Rolloff>
  </Transponder>
  <Transponder>
    <CarrierFrequency>3960000</CarrierFrequency>
    <Polarisation>LinearH</Polarisation>
    <SymbolRate>3570</SymbolRate>
    <Modulation>ModNotSet</Modulation>
    <InnerFecRate>Rate3_4</InnerFecRate>
    <Pilot>NotSet</Pilot>
    <Rolloff>NotSet</Rolloff>
  </Transponder>
  <Transponder>
    <CarrierFrequency>3971000</CarrierFrequency>
    <Polarisation>LinearH</Polarisation>
    <SymbolRate>10000</SymbolRate>
    <Modulation>ModNotSet</Modulation>
    <InnerFecRate>Rate3_4</InnerFecRate>
    <Pilot>NotSet</Pilot>
    <Rolloff>NotSet</Rolloff>
  </Transponder>
  <Transponder>
    <CarrierFrequency>3980000</CarrierFrequency>
    <Polarisation>LinearV</Polarisation>
    <SymbolRate>27500</SymbolRate>
    <Modulation>ModNotSet</Modulation>
    <InnerFecRate>Rate3_4</InnerFecRate>
    <Pilot>NotSet</Pilot>
    <Rolloff>NotSet</Rolloff>
  </Transponder>
  <Transponder>
    <CarrierFrequency>4000000</CarrierFrequency>
    <Polarisation>LinearH</Polarisation>
    <SymbolRate>27500</SymbolRate>
    <Modulation>ModNotSet</Modulation>
    <InnerFecRate>Rate3_4</InnerFecRate>
    <Pilot>NotSet</Pilot>
    <Rolloff>NotSet</Rolloff>
  </Transponder>
  <Transponder>
    <CarrierFrequency>4020000</CarrierFrequency>
    <Polarisation>LinearV</Polarisation>
    <SymbolRate>27500</SymbolRate>
    <Modulation>ModNotSet</Modulation>
    <InnerFecRate>Rate3_4</InnerFecRate>
    <Pilot>NotSet</Pilot>
    <Rolloff>NotSet</Rolloff>
  </Transponder>
  <Transponder>
    <CarrierFrequency>4040000</CarrierFrequency>
    <Polarisation>LinearH</Polarisation>
    <SymbolRate>27500</SymbolRate>
    <Modulation>ModNotSet</Modulation>
    <InnerFecRate>Rate3_4</InnerFecRate>
    <Pilot>NotSet</Pilot>
    <Rolloff>NotSet</Rolloff>
  </Transponder>
  <Transponder>
    <CarrierFrequency>4060000</CarrierFrequency>
    <Polarisation>LinearV</Polarisation>
    <SymbolRate>27500</SymbolRate>
    <Modulation>ModNotSet</Modulation>
    <InnerFecRate>Rate3_4</InnerFecRate>
    <Pilot>NotSet</Pilot>
    <Rolloff>NotSet</Rolloff>
  </Transponder>
  <Transponder>
    <CarrierFrequency>4080000</CarrierFrequency>
    <Polarisation>LinearH</Polarisation>
    <SymbolRate>27500</SymbolRate>
    <Modulation>ModNotSet</Modulation>
    <InnerFecRate>Rate3_4</InnerFecRate>
    <Pilot>NotSet</Pilot>
    <Rolloff>NotSet</Rolloff>
  </Transponder>
  <Transponder>
    <CarrierFrequency>4100000</CarrierFrequency>
    <Polarisation>LinearV</Polarisation>
    <SymbolRate>27500</SymbolRate>
    <Modulation>ModNotSet</Modulation>
    <InnerFecRate>Rate3_4</InnerFecRate>
    <Pilot>NotSet</Pilot>
    <Rolloff>NotSet</Rolloff>
  </Transponder>
  <Transponder>
    <CarrierFrequency>4116000</CarrierFrequency>
    <Polarisation>LinearH</Polarisation>
    <SymbolRate>21374</SymbolRate>
    <Modulation>ModNotSet</Modulation>
    <InnerFecRate>Rate3_4</InnerFecRate>
    <Pilot>NotSet</Pilot>
    <Rolloff>NotSet</Rolloff>
  </Transponder>
  <Transponder>
    <CarrierFrequency>4140000</CarrierFrequency>
    <Polarisation>LinearV</Polarisation>
    <SymbolRate>27500</SymbolRate>
    <Modulation>ModNotSet</Modulation>
    <InnerFecRate>Rate3_4</InnerFecRate>
    <Pilot>NotSet</Pilot>
    <Rolloff>NotSet</Rolloff>
  </Transponder>
  <Transponder>
    <CarrierFrequency>4147000</CarrierFrequency>
    <Polarisation>LinearH</Polarisation>
    <SymbolRate>6150</SymbolRate>
    <Modulation>ModNotSet</Modulation>
    <InnerFecRate>Rate3_4</InnerFecRate>
    <Pilot>NotSet</Pilot>
    <Rolloff>NotSet</Rolloff>
  </Transponder>
  <Transponder>
    <CarrierFrequency>4158000</CarrierFrequency>
    <Polarisation>LinearH</Polarisation>
    <SymbolRate>8680</SymbolRate>
    <Modulation>ModNotSet</Modulation>
    <InnerFecRate>Rate3_4</InnerFecRate>
    <Pilot>NotSet</Pilot>
    <Rolloff>NotSet</Rolloff>
  </Transponder>
  <Transponder>
    <CarrierFrequency>4171000</CarrierFrequency>
    <Polarisation>LinearH</Polarisation>
    <SymbolRate>9200</SymbolRate>
    <Modulation>ModNotSet</Modulation>
    <InnerFecRate>Rate3_4</InnerFecRate>
    <Pilot>NotSet</Pilot>
    <Rolloff>NotSet</Rolloff>
  </Transponder>
  <Transponder>
    <CarrierFrequency>4175000</CarrierFrequency>
    <Polarisation>LinearV</Polarisation>
    <SymbolRate>18000</SymbolRate>
    <Modulation>ModNotSet</Modulation>
    <InnerFecRate>Rate1_2</InnerFecRate>
    <Pilot>NotSet</Pilot>
    <Rolloff>NotSet</Rolloff>
  </Transponder>
  <Transponder>
    <CarrierFrequency>4192000</CarrierFrequency>
    <Polarisation>LinearV</Polarisation>
    <SymbolRate>6000</SymbolRate>
    <Modulation>ModNotSet</Modulation>
    <InnerFecRate>Rate3_4</InnerFecRate>
    <Pilot>NotSet</Pilot>
    <Rolloff>NotSet</Rolloff>
  </Transponder>
</ArrayOfTransponder>