<?xml version="1.0" encoding="utf-8"?>
<ArrayOfTransponder xmlns:xsi="http://www.w3.org/2001/XMLSchema-instance" xmlns:xsd="http://www.w3.org/2001/XMLSchema">
  <Transponder>
    <CarrierFrequency>10721000</CarrierFrequency>
    <Polarisation>LinearH</Polarisation>
    <SymbolRate>27500</SymbolRate>
    <Modulation>ModNotSet</Modulation>
    <InnerFecRate>Rate3_4</InnerFecRate>
    <Pilot>NotSet</Pilot>
    <Rolloff>NotSet</Rolloff>
  </Transponder>
  <Transponder>
    <CarrierFrequency>10762000</CarrierFrequency>
    <Polarisation>LinearH</Polarisation>
    <SymbolRate>27500</SymbolRate>
    <Modulation>ModNotSet</Modulation>
    <InnerFecRate>Rate3_4</InnerFecRate>
    <Pilot>NotSet</Pilot>
    <Rolloff>NotSet</Rolloff>
  </Transponder>
  <Transponder>
    <CarrierFrequency>10972000</CarrierFrequency>
    <Polarisation>LinearV</Polarisation>
    <SymbolRate>27500</SymbolRate>
    <Modulation>ModNotSet</Modulation>
    <InnerFecRate>Rate5_6</InnerFecRate>
    <Pilot>NotSet</Pilot>
    <Rolloff>NotSet</Rolloff>
  </Transponder>
  <Transponder>
    <CarrierFrequency>10982000</CarrierFrequency>
    <Polarisation>LinearH</Polarisation>
    <SymbolRate>1400</SymbolRate>
    <Modulation>ModNotSet</Modulation>
    <InnerFecRate>Rate3_4</InnerFecRate>
    <Pilot>NotSet</Pilot>
    <Rolloff>NotSet</Rolloff>
  </Transponder>
  <Transponder>
    <CarrierFrequency>10994000</CarrierFrequency>
    <Polarisation>LinearH</Polarisation>
    <SymbolRate>3333</SymbolRate>
    <Modulation>ModNotSet</Modulation>
    <InnerFecRate>Rate7_8</InnerFecRate>
    <Pilot>NotSet</Pilot>
    <Rolloff>NotSet</Rolloff>
  </Transponder>
  <Transponder>
    <CarrierFrequency>10998000</CarrierFrequency>
    <Polarisation>LinearH</Polarisation>
    <SymbolRate>3333</SymbolRate>
    <Modulation>ModNotSet</Modulation>
    <InnerFecRate>Rate7_8</InnerFecRate>
    <Pilot>NotSet</Pilot>
    <Rolloff>NotSet</Rolloff>
  </Transponder>
  <Transponder>
    <CarrierFrequency>11003000</CarrierFrequency>
    <Polarisation>LinearH</Polarisation>
    <SymbolRate>3333</SymbolRate>
    <Modulation>ModNotSet</Modulation>
    <InnerFecRate>Rate7_8</InnerFecRate>
    <Pilot>NotSet</Pilot>
    <Rolloff>NotSet</Rolloff>
  </Transponder>
  <Transponder>
    <CarrierFrequency>11007000</CarrierFrequency>
    <Polarisation>LinearH</Polarisation>
    <SymbolRate>3333</SymbolRate>
    <Modulation>ModNotSet</Modulation>
    <InnerFecRate>Rate7_8</InnerFecRate>
    <Pilot>NotSet</Pilot>
    <Rolloff>NotSet</Rolloff>
  </Transponder>
  <Transponder>
    <CarrierFrequency>11011000</CarrierFrequency>
    <Polarisation>LinearV</Polarisation>
    <SymbolRate>27500</SymbolRate>
    <Modulation>ModNotSet</Modulation>
    <InnerFecRate>Rate5_6</InnerFecRate>
    <Pilot>NotSet</Pilot>
    <Rolloff>NotSet</Rolloff>
  </Transponder>
  <Transponder>
    <CarrierFrequency>11012000</CarrierFrequency>
    <Polarisation>LinearH</Polarisation>
    <SymbolRate>3333</SymbolRate>
    <Modulation>ModNotSet</Modulation>
    <InnerFecRate>Rate7_8</InnerFecRate>
    <Pilot>NotSet</Pilot>
    <Rolloff>NotSet</Rolloff>
  </Transponder>
  <Transponder>
    <CarrierFrequency>11016000</CarrierFrequency>
    <Polarisation>LinearH</Polarisation>
    <SymbolRate>3333</SymbolRate>
    <Modulation>ModNotSet</Modulation>
    <InnerFecRate>Rate7_8</InnerFecRate>
    <Pilot>NotSet</Pilot>
    <Rolloff>NotSet</Rolloff>
  </Transponder>
  <Transponder>
    <CarrierFrequency>11021000</CarrierFrequency>
    <Polarisation>LinearH</Polarisation>
    <SymbolRate>3331</SymbolRate>
    <Modulation>ModNotSet</Modulation>
    <InnerFecRate>Rate3_4</InnerFecRate>
    <Pilot>NotSet</Pilot>
    <Rolloff>NotSet</Rolloff>
  </Transponder>
  <Transponder>
    <CarrierFrequency>11024000</CarrierFrequency>
    <Polarisation>LinearH</Polarisation>
    <SymbolRate>3330</SymbolRate>
    <Modulation>ModNotSet</Modulation>
    <InnerFecRate>Rate3_4</InnerFecRate>
    <Pilot>NotSet</Pilot>
    <Rolloff>NotSet</Rolloff>
  </Transponder>
  <Transponder>
    <CarrierFrequency>11025000</CarrierFrequency>
    <Polarisation>LinearH</Polarisation>
    <SymbolRate>3331</SymbolRate>
    <Modulation>ModNotSet</Modulation>
    <InnerFecRate>Rate3_4</InnerFecRate>
    <Pilot>NotSet</Pilot>
    <Rolloff>NotSet</Rolloff>
  </Transponder>
  <Transponder>
    <CarrierFrequency>11041000</CarrierFrequency>
    <Polarisation>LinearV</Polarisation>
    <SymbolRate>3204</SymbolRate>
    <Modulation>ModNotSet</Modulation>
    <InnerFecRate>Rate3_4</InnerFecRate>
    <Pilot>NotSet</Pilot>
    <Rolloff>NotSet</Rolloff>
  </Transponder>
  <Transponder>
    <CarrierFrequency>11046000</CarrierFrequency>
    <Polarisation>LinearH</Polarisation>
    <SymbolRate>10555</SymbolRate>
    <Modulation>ModNotSet</Modulation>
    <InnerFecRate>Rate3_4</InnerFecRate>
    <Pilot>NotSet</Pilot>
    <Rolloff>NotSet</Rolloff>
  </Transponder>
  <Transponder>
    <CarrierFrequency>11046000</CarrierFrequency>
    <Polarisation>LinearV</Polarisation>
    <SymbolRate>3462</SymbolRate>
    <Modulation>ModNotSet</Modulation>
    <InnerFecRate>Rate5_6</InnerFecRate>
    <Pilot>NotSet</Pilot>
    <Rolloff>NotSet</Rolloff>
  </Transponder>
  <Transponder>
    <CarrierFrequency>11050000</CarrierFrequency>
    <Polarisation>LinearV</Polarisation>
    <SymbolRate>3462</SymbolRate>
    <Modulation>ModNotSet</Modulation>
    <InnerFecRate>Rate5_6</InnerFecRate>
    <Pilot>NotSet</Pilot>
    <Rolloff>NotSet</Rolloff>
  </Transponder>
  <Transponder>
    <CarrierFrequency>11054000</CarrierFrequency>
    <Polarisation>LinearH</Polarisation>
    <SymbolRate>2894</SymbolRate>
    <Modulation>ModNotSet</Modulation>
    <InnerFecRate>Rate3_4</InnerFecRate>
    <Pilot>NotSet</Pilot>
    <Rolloff>NotSet</Rolloff>
  </Transponder>
  <Transponder>
    <CarrierFrequency>11056000</CarrierFrequency>
    <Polarisation>LinearV</Polarisation>
    <SymbolRate>4615</SymbolRate>
    <Modulation>ModNotSet</Modulation>
    <InnerFecRate>Rate5_6</InnerFecRate>
    <Pilot>NotSet</Pilot>
    <Rolloff>NotSet</Rolloff>
  </Transponder>
  <Transponder>
    <CarrierFrequency>11060000</CarrierFrequency>
    <Polarisation>LinearH</Polarisation>
    <SymbolRate>4615</SymbolRate>
    <Modulation>ModNotSet</Modulation>
    <InnerFecRate>Rate5_6</InnerFecRate>
    <Pilot>NotSet</Pilot>
    <Rolloff>NotSet</Rolloff>
  </Transponder>
  <Transponder>
    <CarrierFrequency>11060000</CarrierFrequency>
    <Polarisation>LinearV</Polarisation>
    <SymbolRate>4615</SymbolRate>
    <Modulation>ModNotSet</Modulation>
    <InnerFecRate>Rate5_6</InnerFecRate>
    <Pilot>NotSet</Pilot>
    <Rolloff>NotSet</Rolloff>
  </Transponder>
  <Transponder>
    <CarrierFrequency>11064000</CarrierFrequency>
    <Polarisation>LinearH</Polarisation>
    <SymbolRate>3400</SymbolRate>
    <Modulation>ModNotSet</Modulation>
    <InnerFecRate>Rate3_4</InnerFecRate>
    <Pilot>NotSet</Pilot>
    <Rolloff>NotSet</Rolloff>
  </Transponder>
  <Transponder>
    <CarrierFrequency>11068000</CarrierFrequency>
    <Polarisation>LinearH</Polarisation>
    <SymbolRate>1055</SymbolRate>
    <Modulation>ModNotSet</Modulation>
    <InnerFecRate>Rate5_6</InnerFecRate>
    <Pilot>NotSet</Pilot>
    <Rolloff>NotSet</Rolloff>
  </Transponder>
  <Transponder>
    <CarrierFrequency>11069000</CarrierFrequency>
    <Polarisation>LinearH</Polarisation>
    <SymbolRate>332</SymbolRate>
    <Modulation>ModNotSet</Modulation>
    <InnerFecRate>Rate1_2</InnerFecRate>
    <Pilot>NotSet</Pilot>
    <Rolloff>NotSet</Rolloff>
  </Transponder>
  <Transponder>
    <CarrierFrequency>11069000</CarrierFrequency>
    <Polarisation>LinearV</Polarisation>
    <SymbolRate>4615</SymbolRate>
    <Modulation>ModNotSet</Modulation>
    <InnerFecRate>Rate5_6</InnerFecRate>
    <Pilot>NotSet</Pilot>
    <Rolloff>NotSet</Rolloff>
  </Transponder>
  <Transponder>
    <CarrierFrequency>11070000</CarrierFrequency>
    <Polarisation>LinearH</Polarisation>
    <SymbolRate>332</SymbolRate>
    <Modulation>ModNotSet</Modulation>
    <InnerFecRate>Rate1_2</InnerFecRate>
    <Pilot>NotSet</Pilot>
    <Rolloff>NotSet</Rolloff>
  </Transponder>
  <Transponder>
    <CarrierFrequency>11071000</CarrierFrequency>
    <Polarisation>LinearH</Polarisation>
    <SymbolRate>332</SymbolRate>
    <Modulation>ModNotSet</Modulation>
    <InnerFecRate>Rate1_2</InnerFecRate>
    <Pilot>NotSet</Pilot>
    <Rolloff>NotSet</Rolloff>
  </Transponder>
  <Transponder>
    <CarrierFrequency>11072000</CarrierFrequency>
    <Polarisation>LinearH</Polarisation>
    <SymbolRate>334</SymbolRate>
    <Modulation>ModNotSet</Modulation>
    <InnerFecRate>Rate1_2</InnerFecRate>
    <Pilot>NotSet</Pilot>
    <Rolloff>NotSet</Rolloff>
  </Transponder>
  <Transponder>
    <CarrierFrequency>11073000</CarrierFrequency>
    <Polarisation>LinearV</Polarisation>
    <SymbolRate>4444</SymbolRate>
    <Modulation>ModNotSet</Modulation>
    <InnerFecRate>Rate7_8</InnerFecRate>
    <Pilot>NotSet</Pilot>
    <Rolloff>NotSet</Rolloff>
  </Transponder>
  <Transponder>
    <CarrierFrequency>11074000</CarrierFrequency>
    <Polarisation>LinearH</Polarisation>
    <SymbolRate>1250</SymbolRate>
    <Modulation>ModNotSet</Modulation>
    <InnerFecRate>Rate3_4</InnerFecRate>
    <Pilot>NotSet</Pilot>
    <Rolloff>NotSet</Rolloff>
  </Transponder>
  <Transponder>
    <CarrierFrequency>11108000</CarrierFrequency>
    <Polarisation>LinearH</Polarisation>
    <SymbolRate>3920</SymbolRate>
    <Modulation>ModNotSet</Modulation>
    <InnerFecRate>Rate5_6</InnerFecRate>
    <Pilot>NotSet</Pilot>
    <Rolloff>NotSet</Rolloff>
  </Transponder>
  <Transponder>
    <CarrierFrequency>11108000</CarrierFrequency>
    <Polarisation>LinearV</Polarisation>
    <SymbolRate>3462</SymbolRate>
    <Modulation>ModNotSet</Modulation>
    <InnerFecRate>Rate5_6</InnerFecRate>
    <Pilot>NotSet</Pilot>
    <Rolloff>NotSet</Rolloff>
  </Transponder>
  <Transponder>
    <CarrierFrequency>11178000</CarrierFrequency>
    <Polarisation>LinearV</Polarisation>
    <SymbolRate>27500</SymbolRate>
    <Modulation>ModNotSet</Modulation>
    <InnerFecRate>Rate3_4</InnerFecRate>
    <Pilot>NotSet</Pilot>
    <Rolloff>NotSet</Rolloff>
  </Transponder>
  <Transponder>
    <CarrierFrequency>11221000</CarrierFrequency>
    <Polarisation>LinearH</Polarisation>
    <SymbolRate>30000</SymbolRate>
    <Modulation>ModNotSet</Modulation>
    <InnerFecRate>Rate3_4</InnerFecRate>
    <Pilot>NotSet</Pilot>
    <Rolloff>NotSet</Rolloff>
  </Transponder>
  <Transponder>
    <CarrierFrequency>11231000</CarrierFrequency>
    <Polarisation>LinearV</Polarisation>
    <SymbolRate>30000</SymbolRate>
    <Modulation>ModNotSet</Modulation>
    <InnerFecRate>Rate3_4</InnerFecRate>
    <Pilot>NotSet</Pilot>
    <Rolloff>NotSet</Rolloff>
  </Transponder>
  <Transponder>
    <CarrierFrequency>11262000</CarrierFrequency>
    <Polarisation>LinearH</Polarisation>
    <SymbolRate>30000</SymbolRate>
    <Modulation>ModNotSet</Modulation>
    <InnerFecRate>Rate2_3</InnerFecRate>
    <Pilot>NotSet</Pilot>
    <Rolloff>NotSet</Rolloff>
  </Transponder>
  <Transponder>
    <CarrierFrequency>11324000</CarrierFrequency>
    <Polarisation>LinearV</Polarisation>
    <SymbolRate>30000</SymbolRate>
    <Modulation>ModNotSet</Modulation>
    <InnerFecRate>Rate3_4</InnerFecRate>
    <Pilot>NotSet</Pilot>
    <Rolloff>NotSet</Rolloff>
  </Transponder>
  <Transponder>
    <CarrierFrequency>11366000</CarrierFrequency>
    <Polarisation>LinearV</Polarisation>
    <SymbolRate>30000</SymbolRate>
    <Modulation>ModNotSet</Modulation>
    <InnerFecRate>Rate3_4</InnerFecRate>
    <Pilot>NotSet</Pilot>
    <Rolloff>NotSet</Rolloff>
  </Transponder>
  <Transponder>
    <CarrierFrequency>11387000</CarrierFrequency>
    <Polarisation>LinearH</Polarisation>
    <SymbolRate>30000</SymbolRate>
    <Modulation>ModNotSet</Modulation>
    <InnerFecRate>Rate3_4</InnerFecRate>
    <Pilot>NotSet</Pilot>
    <Rolloff>NotSet</Rolloff>
  </Transponder>
  <Transponder>
    <CarrierFrequency>11471000</CarrierFrequency>
    <Polarisation>LinearH</Polarisation>
    <SymbolRate>30000</SymbolRate>
    <Modulation>ModNotSet</Modulation>
    <InnerFecRate>Rate7_8</InnerFecRate>
    <Pilot>NotSet</Pilot>
    <Rolloff>NotSet</Rolloff>
  </Transponder>
  <Transponder>
    <CarrierFrequency>12507000</CarrierFrequency>
    <Polarisation>LinearV</Polarisation>
    <SymbolRate>2532</SymbolRate>
    <Modulation>ModNotSet</Modulation>
    <InnerFecRate>Rate3_4</InnerFecRate>
    <Pilot>NotSet</Pilot>
    <Rolloff>NotSet</Rolloff>
  </Transponder>
  <Transponder>
    <CarrierFrequency>12527000</CarrierFrequency>
    <Polarisation>LinearH</Polarisation>
    <SymbolRate>2816</SymbolRate>
    <Modulation>ModNotSet</Modulation>
    <InnerFecRate>Rate3_4</InnerFecRate>
    <Pilot>NotSet</Pilot>
    <Rolloff>NotSet</Rolloff>
  </Transponder>
  <Transponder>
    <CarrierFrequency>12538000</CarrierFrequency>
    <Polarisation>LinearH</Polarisation>
    <SymbolRate>2816</SymbolRate>
    <Modulation>ModNotSet</Modulation>
    <InnerFecRate>Rate3_4</InnerFecRate>
    <Pilot>NotSet</Pilot>
    <Rolloff>NotSet</Rolloff>
  </Transponder>
  <Transponder>
    <CarrierFrequency>12542000</CarrierFrequency>
    <Polarisation>LinearH</Polarisation>
    <SymbolRate>2816</SymbolRate>
    <Modulation>ModNotSet</Modulation>
    <InnerFecRate>Rate3_4</InnerFecRate>
    <Pilot>NotSet</Pilot>
    <Rolloff>NotSet</Rolloff>
  </Transponder>
  <Transponder>
    <CarrierFrequency>12562000</CarrierFrequency>
    <Polarisation>LinearH</Polarisation>
    <SymbolRate>5632</SymbolRate>
    <Modulation>ModNotSet</Modulation>
    <InnerFecRate>Rate3_4</InnerFecRate>
    <Pilot>NotSet</Pilot>
    <Rolloff>NotSet</Rolloff>
  </Transponder>
  <Transponder>
    <CarrierFrequency>12564000</CarrierFrequency>
    <Polarisation>LinearV</Polarisation>
    <SymbolRate>3617</SymbolRate>
    <Modulation>ModNotSet</Modulation>
    <InnerFecRate>Rate3_4</InnerFecRate>
    <Pilot>NotSet</Pilot>
    <Rolloff>NotSet</Rolloff>
  </Transponder>
  <Transponder>
    <CarrierFrequency>12570000</CarrierFrequency>
    <Polarisation>LinearH</Polarisation>
    <SymbolRate>3703</SymbolRate>
    <Modulation>ModNotSet</Modulation>
    <InnerFecRate>Rate7_8</InnerFecRate>
    <Pilot>NotSet</Pilot>
    <Rolloff>NotSet</Rolloff>
  </Transponder>
  <Transponder>
    <CarrierFrequency>12593000</CarrierFrequency>
    <Polarisation>LinearV</Polarisation>
    <SymbolRate>2500</SymbolRate>
    <Modulation>ModNotSet</Modulation>
    <InnerFecRate>Rate2_3</InnerFecRate>
    <Pilot>NotSet</Pilot>
    <Rolloff>NotSet</Rolloff>
  </Transponder>
  <Transponder>
    <CarrierFrequency>12597000</CarrierFrequency>
    <Polarisation>LinearV</Polarisation>
    <SymbolRate>2848</SymbolRate>
    <Modulation>ModNotSet</Modulation>
    <InnerFecRate>Rate2_3</InnerFecRate>
    <Pilot>NotSet</Pilot>
    <Rolloff>NotSet</Rolloff>
  </Transponder>
  <Transponder>
    <CarrierFrequency>12601000</CarrierFrequency>
    <Polarisation>LinearV</Polarisation>
    <SymbolRate>2500</SymbolRate>
    <Modulation>ModNotSet</Modulation>
    <InnerFecRate>Rate1_2</InnerFecRate>
    <Pilot>NotSet</Pilot>
    <Rolloff>NotSet</Rolloff>
  </Transponder>
  <Transponder>
    <CarrierFrequency>12633000</CarrierFrequency>
    <Polarisation>LinearV</Polarisation>
    <SymbolRate>4883</SymbolRate>
    <Modulation>ModNotSet</Modulation>
    <InnerFecRate>Rate1_2</InnerFecRate>
    <Pilot>NotSet</Pilot>
    <Rolloff>NotSet</Rolloff>
  </Transponder>
  <Transponder>
    <CarrierFrequency>12636000</CarrierFrequency>
    <Polarisation>LinearH</Polarisation>
    <SymbolRate>7921</SymbolRate>
    <Modulation>ModNotSet</Modulation>
    <InnerFecRate>Rate1_2</InnerFecRate>
    <Pilot>NotSet</Pilot>
    <Rolloff>NotSet</Rolloff>
  </Transponder>
  <Transponder>
    <CarrierFrequency>12654000</CarrierFrequency>
    <Polarisation>LinearH</Polarisation>
    <SymbolRate>11111</SymbolRate>
    <Modulation>ModNotSet</Modulation>
    <InnerFecRate>Rate2_3</InnerFecRate>
    <Pilot>NotSet</Pilot>
    <Rolloff>NotSet</Rolloff>
  </Transponder>
  <Transponder>
    <CarrierFrequency>12656000</CarrierFrequency>
    <Polarisation>LinearV</Polarisation>
    <SymbolRate>4883</SymbolRate>
    <Modulation>ModNotSet</Modulation>
    <InnerFecRate>Rate1_2</InnerFecRate>
    <Pilot>NotSet</Pilot>
    <Rolloff>NotSet</Rolloff>
  </Transponder>
  <Transponder>
    <CarrierFrequency>12676000</CarrierFrequency>
    <Polarisation>LinearH</Polarisation>
    <SymbolRate>4248</SymbolRate>
    <Modulation>ModNotSet</Modulation>
    <InnerFecRate>Rate3_4</InnerFecRate>
    <Pilot>NotSet</Pilot>
    <Rolloff>NotSet</Rolloff>
  </Transponder>
  <Transponder>
    <CarrierFrequency>12680000</CarrierFrequency>
    <Polarisation>LinearH</Polarisation>
    <SymbolRate>333</SymbolRate>
    <Modulation>ModNotSet</Modulation>
    <InnerFecRate>Rate1_2</InnerFecRate>
    <Pilot>NotSet</Pilot>
    <Rolloff>NotSet</Rolloff>
  </Transponder>
  <Transponder>
    <CarrierFrequency>12686000</CarrierFrequency>
    <Polarisation>LinearV</Polarisation>
    <SymbolRate>6620</SymbolRate>
    <Modulation>ModNotSet</Modulation>
    <InnerFecRate>Rate3_4</InnerFecRate>
    <Pilot>NotSet</Pilot>
    <Rolloff>NotSet</Rolloff>
  </Transponder>
  <Transponder>
    <CarrierFrequency>12695000</CarrierFrequency>
    <Polarisation>LinearV</Polarisation>
    <SymbolRate>6620</SymbolRate>
    <Modulation>ModNotSet</Modulation>
    <InnerFecRate>Rate3_4</InnerFecRate>
    <Pilot>NotSet</Pilot>
    <Rolloff>NotSet</Rolloff>
  </Transponder>
  <Transponder>
    <CarrierFrequency>12699000</CarrierFrequency>
    <Polarisation>LinearH</Polarisation>
    <SymbolRate>9880</SymbolRate>
    <Modulation>ModNotSet</Modulation>
    <InnerFecRate>Rate1_2</InnerFecRate>
    <Pilot>NotSet</Pilot>
    <Rolloff>NotSet</Rolloff>
  </Transponder>
  <Transponder>
    <CarrierFrequency>12721000</CarrierFrequency>
    <Polarisation>LinearV</Polarisation>
    <SymbolRate>6666</SymbolRate>
    <Modulation>ModNotSet</Modulation>
    <InnerFecRate>Rate7_8</InnerFecRate>
    <Pilot>NotSet</Pilot>
    <Rolloff>NotSet</Rolloff>
  </Transponder>
  <Transponder>
    <CarrierFrequency>12738000</CarrierFrequency>
    <Polarisation>LinearH</Polarisation>
    <SymbolRate>4847</SymbolRate>
    <Modulation>ModNotSet</Modulation>
    <InnerFecRate>Rate3_4</InnerFecRate>
    <Pilot>NotSet</Pilot>
    <Rolloff>NotSet</Rolloff>
  </Transponder>
  <Transponder>
    <CarrierFrequency>10804000</CarrierFrequency>
    <Polarisation>LinearH</Polarisation>
    <SymbolRate>30000</SymbolRate>
    <Modulation>Mod8Psk</Modulation>
    <InnerFecRate>Rate3_5</InnerFecRate>
    <Pilot>On</Pilot>
    <Rolloff>ThirtyFive</Rolloff>
  </Transponder>
  <Transponder>
    <CarrierFrequency>10845000</CarrierFrequency>
    <Polarisation>LinearH</Polarisation>
    <SymbolRate>30000</SymbolRate>
    <Modulation>Mod8Psk</Modulation>
    <InnerFecRate>Rate3_5</InnerFecRate>
    <Pilot>On</Pilot>
    <Rolloff>ThirtyFive</Rolloff>
  </Transponder>
  <Transponder>
    <CarrierFrequency>10887000</CarrierFrequency>
    <Polarisation>LinearH</Polarisation>
    <SymbolRate>30000</SymbolRate>
    <Modulation>Mod8Psk</Modulation>
    <InnerFecRate>Rate3_5</InnerFecRate>
    <Pilot>On</Pilot>
    <Rolloff>ThirtyFive</Rolloff>
  </Transponder>
  <Transponder>
    <CarrierFrequency>10928000</CarrierFrequency>
    <Polarisation>LinearH</Polarisation>
    <SymbolRate>30000</SymbolRate>
    <Modulation>ModQpsk</Modulation>
    <InnerFecRate>Rate8_9</InnerFecRate>
    <Pilot>Off</Pilot>
    <Rolloff>ThirtyFive</Rolloff>
  </Transponder>
  <Transponder>
    <CarrierFrequency>10957000</CarrierFrequency>
    <Polarisation>LinearH</Polarisation>
    <SymbolRate>3750</SymbolRate>
    <Modulation>Mod8Psk</Modulation>
    <InnerFecRate>Rate3_4</InnerFecRate>
    <Pilot>On</Pilot>
    <Rolloff>ThirtyFive</Rolloff>
  </Transponder>
  <Transponder>
    <CarrierFrequency>10978000</CarrierFrequency>
    <Polarisation>LinearH</Polarisation>
    <SymbolRate>7200</SymbolRate>
    <Modulation>ModQpsk</Modulation>
    <InnerFecRate>Rate3_4</InnerFecRate>
    <Pilot>Off</Pilot>
    <Rolloff>ThirtyFive</Rolloff>
  </Transponder>
  <Transponder>
    <CarrierFrequency>11019000</CarrierFrequency>
    <Polarisation>LinearH</Polarisation>
    <SymbolRate>1795</SymbolRate>
    <Modulation>ModQpsk</Modulation>
    <InnerFecRate>Rate3_4</InnerFecRate>
    <Pilot>Off</Pilot>
    <Rolloff>ThirtyFive</Rolloff>
  </Transponder>
  <Transponder>
    <CarrierFrequency>11080000</CarrierFrequency>
    <Polarisation>LinearV</Polarisation>
    <SymbolRate>5000</SymbolRate>
    <Modulation>Mod8Psk</Modulation>
    <InnerFecRate>Rate3_4</InnerFecRate>
    <Pilot>On</Pilot>
    <Rolloff>ThirtyFive</Rolloff>
  </Transponder>
  <Transponder>
    <CarrierFrequency>11082000</CarrierFrequency>
    <Polarisation>LinearH</Polarisation>
    <SymbolRate>10000</SymbolRate>
    <Modulation>ModQpsk</Modulation>
    <InnerFecRate>Rate3_4</InnerFecRate>
    <Pilot>Off</Pilot>
    <Rolloff>ThirtyFive</Rolloff>
  </Transponder>
  <Transponder>
    <CarrierFrequency>11087000</CarrierFrequency>
    <Polarisation>LinearV</Polarisation>
    <SymbolRate>5000</SymbolRate>
    <Modulation>Mod8Psk</Modulation>
    <InnerFecRate>Rate3_4</InnerFecRate>
    <Pilot>On</Pilot>
    <Rolloff>ThirtyFive</Rolloff>
  </Transponder>
  <Transponder>
    <CarrierFrequency>11093000</CarrierFrequency>
    <Polarisation>LinearV</Polarisation>
    <SymbolRate>5000</SymbolRate>
    <Modulation>Mod8Psk</Modulation>
    <InnerFecRate>Rate3_4</InnerFecRate>
    <Pilot>On</Pilot>
    <Rolloff>ThirtyFive</Rolloff>
  </Transponder>
  <Transponder>
    <CarrierFrequency>11094000</CarrierFrequency>
    <Polarisation>LinearH</Polarisation>
    <SymbolRate>10000</SymbolRate>
    <Modulation>Mod8Psk</Modulation>
    <InnerFecRate>Rate5_6</InnerFecRate>
    <Pilot>On</Pilot>
    <Rolloff>ThirtyFive</Rolloff>
  </Transponder>
  <Transponder>
    <CarrierFrequency>11098000</CarrierFrequency>
    <Polarisation>LinearV</Polarisation>
    <SymbolRate>5000</SymbolRate>
    <Modulation>Mod8Psk</Modulation>
    <InnerFecRate>Rate3_4</InnerFecRate>
    <Pilot>On</Pilot>
    <Rolloff>ThirtyFive</Rolloff>
  </Transponder>
  <Transponder>
    <CarrierFrequency>11103000</CarrierFrequency>
    <Polarisation>LinearV</Polarisation>
    <SymbolRate>5000</SymbolRate>
    <Modulation>Mod8Psk</Modulation>
    <InnerFecRate>Rate3_4</InnerFecRate>
    <Pilot>On</Pilot>
    <Rolloff>ThirtyFive</Rolloff>
  </Transponder>
  <Transponder>
    <CarrierFrequency>11127000</CarrierFrequency>
    <Polarisation>LinearH</Polarisation>
    <SymbolRate>10000</SymbolRate>
    <Modulation>Mod8Psk</Modulation>
    <InnerFecRate>Rate5_6</InnerFecRate>
    <Pilot>On</Pilot>
    <Rolloff>ThirtyFive</Rolloff>
  </Transponder>
  <Transponder>
    <CarrierFrequency>11131000</CarrierFrequency>
    <Polarisation>LinearV</Polarisation>
    <SymbolRate>16593</SymbolRate>
    <Modulation>Mod8Psk</Modulation>
    <InnerFecRate>Rate2_3</InnerFecRate>
    <Pilot>On</Pilot>
    <Rolloff>ThirtyFive</Rolloff>
  </Transponder>
  <Transponder>
    <CarrierFrequency>11139000</CarrierFrequency>
    <Polarisation>LinearH</Polarisation>
    <SymbolRate>10000</SymbolRate>
    <Modulation>Mod8Psk</Modulation>
    <InnerFecRate>Rate5_6</InnerFecRate>
    <Pilot>On</Pilot>
    <Rolloff>ThirtyFive</Rolloff>
  </Transponder>
  <Transponder>
    <CarrierFrequency>11151000</CarrierFrequency>
    <Polarisation>LinearV</Polarisation>
    <SymbolRate>13268</SymbolRate>
    <Modulation>Mod8Psk</Modulation>
    <InnerFecRate>Rate2_3</InnerFecRate>
    <Pilot>On</Pilot>
    <Rolloff>ThirtyFive</Rolloff>
  </Transponder>
  <Transponder>
    <CarrierFrequency>11152000</CarrierFrequency>
    <Polarisation>LinearH</Polarisation>
    <SymbolRate>10000</SymbolRate>
    <Modulation>Mod8Psk</Modulation>
    <InnerFecRate>Rate5_6</InnerFecRate>
    <Pilot>On</Pilot>
    <Rolloff>ThirtyFive</Rolloff>
  </Transponder>
  <Transponder>
    <CarrierFrequency>11165000</CarrierFrequency>
    <Polarisation>LinearH</Polarisation>
    <SymbolRate>10000</SymbolRate>
    <Modulation>Mod8Psk</Modulation>
    <InnerFecRate>Rate5_6</InnerFecRate>
    <Pilot>On</Pilot>
    <Rolloff>ThirtyFive</Rolloff>
  </Transponder>
  <Transponder>
    <CarrierFrequency>11175000</CarrierFrequency>
    <Polarisation>LinearH</Polarisation>
    <SymbolRate>10000</SymbolRate>
    <Modulation>Mod8Psk</Modulation>
    <InnerFecRate>Rate5_6</InnerFecRate>
    <Pilot>On</Pilot>
    <Rolloff>ThirtyFive</Rolloff>
  </Transponder>
  <Transponder>
    <CarrierFrequency>11191000</CarrierFrequency>
    <Polarisation>LinearH</Polarisation>
    <SymbolRate>5000</SymbolRate>
    <Modulation>Mod8Psk</Modulation>
    <InnerFecRate>Rate3_4</InnerFecRate>
    <Pilot>On</Pilot>
    <Rolloff>ThirtyFive</Rolloff>
  </Transponder>
  <Transponder>
    <CarrierFrequency>11294000</CarrierFrequency>
    <Polarisation>LinearH</Polarisation>
    <SymbolRate>45000</SymbolRate>
    <Modulation>Mod8Psk</Modulation>
    <InnerFecRate>Rate3_4</InnerFecRate>
    <Pilot>On</Pilot>
    <Rolloff>ThirtyFive</Rolloff>
  </Transponder>
  <Transponder>
    <CarrierFrequency>11303000</CarrierFrequency>
    <Polarisation>LinearH</Polarisation>
    <SymbolRate>30000</SymbolRate>
    <Modulation>Mod8Psk</Modulation>
    <InnerFecRate>Rate2_3</InnerFecRate>
    <Pilot>On</Pilot>
    <Rolloff>ThirtyFive</Rolloff>
  </Transponder>
  <Transponder>
    <CarrierFrequency>11345000</CarrierFrequency>
    <Polarisation>LinearH</Polarisation>
    <SymbolRate>30000</SymbolRate>
    <Modulation>Mod8Psk</Modulation>
    <InnerFecRate>Rate3_5</InnerFecRate>
    <Pilot>On</Pilot>
    <Rolloff>ThirtyFive</Rolloff>
  </Transponder>
  <Transponder>
    <CarrierFrequency>11356000</CarrierFrequency>
    <Polarisation>LinearH</Polarisation>
    <SymbolRate>45000</SymbolRate>
    <Modulation>Mod8Psk</Modulation>
    <InnerFecRate>Rate3_4</InnerFecRate>
    <Pilot>On</Pilot>
    <Rolloff>ThirtyFive</Rolloff>
  </Transponder>
  <Transponder>
    <CarrierFrequency>11400000</CarrierFrequency>
    <Polarisation>LinearV</Polarisation>
    <SymbolRate>13846</SymbolRate>
    <Modulation>Mod8Psk</Modulation>
    <InnerFecRate>Rate3_4</InnerFecRate>
    <Pilot>On</Pilot>
    <Rolloff>ThirtyFive</Rolloff>
  </Transponder>
  <Transponder>
    <CarrierFrequency>11427000</CarrierFrequency>
    <Polarisation>LinearV</Polarisation>
    <SymbolRate>27500</SymbolRate>
    <Modulation>Mod8Psk</Modulation>
    <InnerFecRate>Rate5_6</InnerFecRate>
    <Pilot>On</Pilot>
    <Rolloff>ThirtyFive</Rolloff>
  </Transponder>
  <Transponder>
    <CarrierFrequency>11512000</CarrierFrequency>
    <Polarisation>LinearH</Polarisation>
    <SymbolRate>30000</SymbolRate>
    <Modulation>Mod8Psk</Modulation>
    <InnerFecRate>Rate3_4</InnerFecRate>
    <Pilot>On</Pilot>
    <Rolloff>ThirtyFive</Rolloff>
  </Transponder>
  <Transponder>
    <CarrierFrequency>11512000</CarrierFrequency>
    <Polarisation>LinearV</Polarisation>
    <SymbolRate>29950</SymbolRate>
    <Modulation>Mod8Psk</Modulation>
    <InnerFecRate>Rate2_3</InnerFecRate>
    <Pilot>On</Pilot>
    <Rolloff>ThirtyFive</Rolloff>
  </Transponder>
  <Transponder>
    <CarrierFrequency>11512000</CarrierFrequency>
    <Polarisation>LinearH</Polarisation>
    <SymbolRate>30000</SymbolRate>
    <Modulation>ModQpsk</Modulation>
    <InnerFecRate>Rate8_9</InnerFecRate>
    <Pilot>Off</Pilot>
    <Rolloff>ThirtyFive</Rolloff>
  </Transponder>
  <Transponder>
    <CarrierFrequency>11554000</CarrierFrequency>
    <Polarisation>LinearH</Polarisation>
    <SymbolRate>30000</SymbolRate>
    <Modulation>ModQpsk</Modulation>
    <InnerFecRate>Rate5_6</InnerFecRate>
    <Pilot>Off</Pilot>
    <Rolloff>ThirtyFive</Rolloff>
  </Transponder>
  <Transponder>
    <CarrierFrequency>11554000</CarrierFrequency>
    <Polarisation>LinearV</Polarisation>
    <SymbolRate>30000</SymbolRate>
    <Modulation>Mod8Psk</Modulation>
    <InnerFecRate>Rate5_6</InnerFecRate>
    <Pilot>On</Pilot>
    <Rolloff>ThirtyFive</Rolloff>
  </Transponder>
  <Transponder>
    <CarrierFrequency>11595000</CarrierFrequency>
    <Polarisation>LinearH</Polarisation>
    <SymbolRate>30000</SymbolRate>
    <Modulation>Mod8Psk</Modulation>
    <InnerFecRate>Rate3_4</InnerFecRate>
    <Pilot>On</Pilot>
    <Rolloff>ThirtyFive</Rolloff>
  </Transponder>
  <Transponder>
    <CarrierFrequency>11595000</CarrierFrequency>
    <Polarisation>LinearV</Polarisation>
    <SymbolRate>30000</SymbolRate>
    <Modulation>Mod8Psk</Modulation>
    <InnerFecRate>Rate5_6</InnerFecRate>
    <Pilot>On</Pilot>
    <Rolloff>ThirtyFive</Rolloff>
  </Transponder>
  <Transponder>
    <CarrierFrequency>11596000</CarrierFrequency>
    <Polarisation>LinearH</Polarisation>
    <SymbolRate>30000</SymbolRate>
    <Modulation>ModQpsk</Modulation>
    <InnerFecRate>Rate8_9</InnerFecRate>
    <Pilot>Off</Pilot>
    <Rolloff>ThirtyFive</Rolloff>
  </Transponder>
  <Transponder>
    <CarrierFrequency>11604000</CarrierFrequency>
    <Polarisation>LinearV</Polarisation>
    <SymbolRate>14400</SymbolRate>
    <Modulation>Mod8Psk</Modulation>
    <InnerFecRate>Rate3_4</InnerFecRate>
    <Pilot>On</Pilot>
    <Rolloff>ThirtyFive</Rolloff>
  </Transponder>
  <Transponder>
    <CarrierFrequency>11627000</CarrierFrequency>
    <Polarisation>LinearV</Polarisation>
    <SymbolRate>10000</SymbolRate>
    <Modulation>Mod8Psk</Modulation>
    <InnerFecRate>Rate3_4</InnerFecRate>
    <Pilot>On</Pilot>
    <Rolloff>ThirtyFive</Rolloff>
  </Transponder>
  <Transponder>
    <CarrierFrequency>11637000</CarrierFrequency>
    <Polarisation>LinearH</Polarisation>
    <SymbolRate>30000</SymbolRate>
    <Modulation>Mod8Psk</Modulation>
    <InnerFecRate>Rate5_6</InnerFecRate>
    <Pilot>On</Pilot>
    <Rolloff>ThirtyFive</Rolloff>
  </Transponder>
  <Transponder>
    <CarrierFrequency>11638000</CarrierFrequency>
    <Polarisation>LinearV</Polarisation>
    <SymbolRate>3400</SymbolRate>
    <Modulation>Mod8Psk</Modulation>
    <InnerFecRate>Rate3_4</InnerFecRate>
    <Pilot>On</Pilot>
    <Rolloff>ThirtyFive</Rolloff>
  </Transponder>
  <Transponder>
    <CarrierFrequency>11644000</CarrierFrequency>
    <Polarisation>LinearV</Polarisation>
    <SymbolRate>6666</SymbolRate>
    <Modulation>Mod8Psk</Modulation>
    <InnerFecRate>Rate7_8</InnerFecRate>
    <Pilot>On</Pilot>
    <Rolloff>ThirtyFive</Rolloff>
  </Transponder>
  <Transponder>
    <CarrierFrequency>11651000</CarrierFrequency>
    <Polarisation>LinearV</Polarisation>
    <SymbolRate>9874</SymbolRate>
    <Modulation>Mod8Psk</Modulation>
    <InnerFecRate>Rate3_4</InnerFecRate>
    <Pilot>On</Pilot>
    <Rolloff>ThirtyFive</Rolloff>
  </Transponder>
  <Transponder>
    <CarrierFrequency>11658000</CarrierFrequency>
    <Polarisation>LinearV</Polarisation>
    <SymbolRate>1500</SymbolRate>
    <Modulation>Mod8Psk</Modulation>
    <InnerFecRate>Rate3_4</InnerFecRate>
    <Pilot>On</Pilot>
    <Rolloff>ThirtyFive</Rolloff>
  </Transponder>
  <Transponder>
    <CarrierFrequency>11678000</CarrierFrequency>
    <Polarisation>LinearH</Polarisation>
    <SymbolRate>30000</SymbolRate>
    <Modulation>Mod8Psk</Modulation>
    <InnerFecRate>Rate3_5</InnerFecRate>
    <Pilot>On</Pilot>
    <Rolloff>ThirtyFive</Rolloff>
  </Transponder>
  <Transponder>
    <CarrierFrequency>12508000</CarrierFrequency>
    <Polarisation>LinearH</Polarisation>
    <SymbolRate>3166</SymbolRate>
    <Modulation>Mod8Psk</Modulation>
    <InnerFecRate>Rate2_3</InnerFecRate>
    <Pilot>On</Pilot>
    <Rolloff>ThirtyFive</Rolloff>
  </Transponder>
  <Transponder>
    <CarrierFrequency>12512000</CarrierFrequency>
    <Polarisation>LinearH</Polarisation>
    <SymbolRate>3166</SymbolRate>
    <Modulation>Mod8Psk</Modulation>
    <InnerFecRate>Rate2_3</InnerFecRate>
    <Pilot>On</Pilot>
    <Rolloff>ThirtyFive</Rolloff>
  </Transponder>
  <Transponder>
    <CarrierFrequency>12516000</CarrierFrequency>
    <Polarisation>LinearH</Polarisation>
    <SymbolRate>3166</SymbolRate>
    <Modulation>Mod8Psk</Modulation>
    <InnerFecRate>Rate2_3</InnerFecRate>
    <Pilot>On</Pilot>
    <Rolloff>ThirtyFive</Rolloff>
  </Transponder>
  <Transponder>
    <CarrierFrequency>12517000</CarrierFrequency>
    <Polarisation>LinearV</Polarisation>
    <SymbolRate>8000</SymbolRate>
    <Modulation>Mod8Psk</Modulation>
    <InnerFecRate>Rate5_6</InnerFecRate>
    <Pilot>On</Pilot>
    <Rolloff>ThirtyFive</Rolloff>
  </Transponder>
  <Transponder>
    <CarrierFrequency>12521000</CarrierFrequency>
    <Polarisation>LinearH</Polarisation>
    <SymbolRate>30000</SymbolRate>
    <Modulation>Mod8Psk</Modulation>
    <InnerFecRate>Rate3_4</InnerFecRate>
    <Pilot>On</Pilot>
    <Rolloff>ThirtyFive</Rolloff>
  </Transponder>
  <Transponder>
    <CarrierFrequency>12522000</CarrierFrequency>
    <Polarisation>LinearH</Polarisation>
    <SymbolRate>3166</SymbolRate>
    <Modulation>Mod8Psk</Modulation>
    <InnerFecRate>Rate2_3</InnerFecRate>
    <Pilot>On</Pilot>
    <Rolloff>ThirtyFive</Rolloff>
  </Transponder>
  <Transponder>
    <CarrierFrequency>12528000</CarrierFrequency>
    <Polarisation>LinearV</Polarisation>
    <SymbolRate>10000</SymbolRate>
    <Modulation>Mod8Psk</Modulation>
    <InnerFecRate>Rate5_6</InnerFecRate>
    <Pilot>On</Pilot>
    <Rolloff>ThirtyFive</Rolloff>
  </Transponder>
  <Transponder>
    <CarrierFrequency>12533000</CarrierFrequency>
    <Polarisation>LinearH</Polarisation>
    <SymbolRate>6333</SymbolRate>
    <Modulation>Mod8Psk</Modulation>
    <InnerFecRate>Rate2_3</InnerFecRate>
    <Pilot>On</Pilot>
    <Rolloff>ThirtyFive</Rolloff>
  </Transponder>
  <Transponder>
    <CarrierFrequency>12541000</CarrierFrequency>
    <Polarisation>LinearV</Polarisation>
    <SymbolRate>10000</SymbolRate>
    <Modulation>Mod8Psk</Modulation>
    <InnerFecRate>Rate5_6</InnerFecRate>
    <Pilot>On</Pilot>
    <Rolloff>ThirtyFive</Rolloff>
  </Transponder>
  <Transponder>
    <CarrierFrequency>12546000</CarrierFrequency>
    <Polarisation>LinearH</Polarisation>
    <SymbolRate>3166</SymbolRate>
    <Modulation>Mod8Psk</Modulation>
    <InnerFecRate>Rate2_3</InnerFecRate>
    <Pilot>On</Pilot>
    <Rolloff>ThirtyFive</Rolloff>
  </Transponder>
  <Transponder>
    <CarrierFrequency>12550000</CarrierFrequency>
    <Polarisation>LinearH</Polarisation>
    <SymbolRate>3166</SymbolRate>
    <Modulation>Mod8Psk</Modulation>
    <InnerFecRate>Rate2_3</InnerFecRate>
    <Pilot>On</Pilot>
    <Rolloff>ThirtyFive</Rolloff>
  </Transponder>
  <Transponder>
    <CarrierFrequency>12557000</CarrierFrequency>
    <Polarisation>LinearH</Polarisation>
    <SymbolRate>2816</SymbolRate>
    <Modulation>Mod8Psk</Modulation>
    <InnerFecRate>Rate3_4</InnerFecRate>
    <Pilot>On</Pilot>
    <Rolloff>ThirtyFive</Rolloff>
  </Transponder>
  <Transponder>
    <CarrierFrequency>12559000</CarrierFrequency>
    <Polarisation>LinearV</Polarisation>
    <SymbolRate>2222</SymbolRate>
    <Modulation>ModQpsk</Modulation>
    <InnerFecRate>Rate3_4</InnerFecRate>
    <Pilot>Off</Pilot>
    <Rolloff>ThirtyFive</Rolloff>
  </Transponder>
  <Transponder>
    <CarrierFrequency>12575000</CarrierFrequency>
    <Polarisation>LinearV</Polarisation>
    <SymbolRate>4356</SymbolRate>
    <Modulation>Mod8Psk</Modulation>
    <InnerFecRate>Rate3_4</InnerFecRate>
    <Pilot>On</Pilot>
    <Rolloff>ThirtyFive</Rolloff>
  </Transponder>
  <Transponder>
    <CarrierFrequency>12604000</CarrierFrequency>
    <Polarisation>LinearH</Polarisation>
    <SymbolRate>30000</SymbolRate>
    <Modulation>Mod8Psk</Modulation>
    <InnerFecRate>Rate2_3</InnerFecRate>
    <Pilot>On</Pilot>
    <Rolloff>ThirtyFive</Rolloff>
  </Transponder>
  <Transponder>
    <CarrierFrequency>12608000</CarrierFrequency>
    <Polarisation>LinearH</Polarisation>
    <SymbolRate>9874</SymbolRate>
    <Modulation>Mod8Psk</Modulation>
    <InnerFecRate>Rate3_4</InnerFecRate>
    <Pilot>On</Pilot>
    <Rolloff>ThirtyFive</Rolloff>
  </Transponder>
  <Transponder>
    <CarrierFrequency>12608000</CarrierFrequency>
    <Polarisation>LinearV</Polarisation>
    <SymbolRate>5660</SymbolRate>
    <Modulation>Mod16Apsk</Modulation>
    <InnerFecRate>Rate5_6</InnerFecRate>
    <Pilot>On</Pilot>
    <Rolloff>ThirtyFive</Rolloff>
  </Transponder>
  <Transponder>
    <CarrierFrequency>12620000</CarrierFrequency>
    <Polarisation>LinearV</Polarisation>
    <SymbolRate>3600</SymbolRate>
    <Modulation>Mod8Psk</Modulation>
    <InnerFecRate>Rate3_4</InnerFecRate>
    <Pilot>On</Pilot>
    <Rolloff>ThirtyFive</Rolloff>
  </Transponder>
  <Transponder>
    <CarrierFrequency>12621000</CarrierFrequency>
    <Polarisation>LinearH</Polarisation>
    <SymbolRate>9700</SymbolRate>
    <Modulation>ModQpsk</Modulation>
    <InnerFecRate>Rate3_4</InnerFecRate>
    <Pilot>Off</Pilot>
    <Rolloff>ThirtyFive</Rolloff>
  </Transponder>
  <Transponder>
    <CarrierFrequency>12624000</CarrierFrequency>
    <Polarisation>LinearV</Polarisation>
    <SymbolRate>2450</SymbolRate>
    <Modulation>Mod8Psk</Modulation>
    <InnerFecRate>Rate3_4</InnerFecRate>
    <Pilot>On</Pilot>
    <Rolloff>ThirtyFive</Rolloff>
  </Transponder>
  <Transponder>
    <CarrierFrequency>12628000</CarrierFrequency>
    <Polarisation>LinearV</Polarisation>
    <SymbolRate>2450</SymbolRate>
    <Modulation>Mod8Psk</Modulation>
    <InnerFecRate>Rate3_4</InnerFecRate>
    <Pilot>On</Pilot>
    <Rolloff>ThirtyFive</Rolloff>
  </Transponder>
  <Transponder>
    <CarrierFrequency>12644000</CarrierFrequency>
    <Polarisation>LinearV</Polarisation>
    <SymbolRate>13200</SymbolRate>
    <Modulation>ModQpsk</Modulation>
    <InnerFecRate>Rate3_4</InnerFecRate>
    <Pilot>Off</Pilot>
    <Rolloff>ThirtyFive</Rolloff>
  </Transponder>
  <Transponder>
    <CarrierFrequency>12676000</CarrierFrequency>
    <Polarisation>LinearV</Polarisation>
    <SymbolRate>7120</SymbolRate>
    <Modulation>Mod8Psk</Modulation>
    <InnerFecRate>Rate3_4</InnerFecRate>
    <Pilot>On</Pilot>
    <Rolloff>ThirtyFive</Rolloff>
  </Transponder>
  <Transponder>
    <CarrierFrequency>12708000</CarrierFrequency>
    <Polarisation>LinearV</Polarisation>
    <SymbolRate>19200</SymbolRate>
    <Modulation>Mod8Psk</Modulation>
    <InnerFecRate>Rate3_4</InnerFecRate>
    <Pilot>On</Pilot>
    <Rolloff>ThirtyFive</Rolloff>
  </Transponder>
  <Transponder>
    <CarrierFrequency>12710000</CarrierFrequency>
    <Polarisation>LinearH</Polarisation>
    <SymbolRate>5165</SymbolRate>
    <Modulation>Mod8Psk</Modulation>
    <InnerFecRate>Rate3_5</InnerFecRate>
    <Pilot>On</Pilot>
    <Rolloff>ThirtyFive</Rolloff>
  </Transponder>
  <Transponder>
    <CarrierFrequency>12731000</CarrierFrequency>
    <Polarisation>LinearH</Polarisation>
    <SymbolRate>6400</SymbolRate>
    <Modulation>Mod32Apsk</Modulation>
    <InnerFecRate>Rate3_4</InnerFecRate>
    <Pilot>On</Pilot>
    <Rolloff>ThirtyFive</Rolloff>
  </Transponder>
  <Transponder>
    <CarrierFrequency>12735000</CarrierFrequency>
    <Polarisation>LinearV</Polarisation>
    <SymbolRate>14400</SymbolRate>
    <Modulation>Mod8Psk</Modulation>
    <InnerFecRate>Rate3_4</InnerFecRate>
    <Pilot>On</Pilot>
    <Rolloff>ThirtyFive</Rolloff>
  </Transponder>
</ArrayOfTransponder>