<?xml version="1.0" encoding="utf-8"?>
<ArrayOfTransponder xmlns:xsi="http://www.w3.org/2001/XMLSchema-instance" xmlns:xsd="http://www.w3.org/2001/XMLSchema">
  <Transponder>
    <CarrierFrequency>10722000</CarrierFrequency>
    <Polarisation>LinearV</Polarisation>
    <SymbolRate>27500</SymbolRate>
    <Modulation>ModNotSet</Modulation>
    <InnerFecRate>Rate5_6</InnerFecRate>
    <Pilot>NotSet</Pilot>
    <Rolloff>NotSet</Rolloff>
  </Transponder>
  <Transponder>
    <CarrierFrequency>10722000</CarrierFrequency>
    <Polarisation>LinearH</Polarisation>
    <SymbolRate>27500</SymbolRate>
    <Modulation>ModNotSet</Modulation>
    <InnerFecRate>Rate3_4</InnerFecRate>
    <Pilot>NotSet</Pilot>
    <Rolloff>NotSet</Rolloff>
  </Transponder>
  <Transponder>
    <CarrierFrequency>10758000</CarrierFrequency>
    <Polarisation>LinearV</Polarisation>
    <SymbolRate>27500</SymbolRate>
    <Modulation>ModNotSet</Modulation>
    <InnerFecRate>Rate5_6</InnerFecRate>
    <Pilot>NotSet</Pilot>
    <Rolloff>NotSet</Rolloff>
  </Transponder>
  <Transponder>
    <CarrierFrequency>10759000</CarrierFrequency>
    <Polarisation>LinearH</Polarisation>
    <SymbolRate>30000</SymbolRate>
    <Modulation>ModNotSet</Modulation>
    <InnerFecRate>Rate3_4</InnerFecRate>
    <Pilot>NotSet</Pilot>
    <Rolloff>NotSet</Rolloff>
  </Transponder>
  <Transponder>
    <CarrierFrequency>10806000</CarrierFrequency>
    <Polarisation>LinearV</Polarisation>
    <SymbolRate>27500</SymbolRate>
    <Modulation>ModNotSet</Modulation>
    <InnerFecRate>Rate3_4</InnerFecRate>
    <Pilot>NotSet</Pilot>
    <Rolloff>NotSet</Rolloff>
  </Transponder>
  <Transponder>
    <CarrierFrequency>10806000</CarrierFrequency>
    <Polarisation>LinearH</Polarisation>
    <SymbolRate>30000</SymbolRate>
    <Modulation>ModNotSet</Modulation>
    <InnerFecRate>Rate3_4</InnerFecRate>
    <Pilot>NotSet</Pilot>
    <Rolloff>NotSet</Rolloff>
  </Transponder>
  <Transponder>
    <CarrierFrequency>10842000</CarrierFrequency>
    <Polarisation>LinearV</Polarisation>
    <SymbolRate>27500</SymbolRate>
    <Modulation>ModNotSet</Modulation>
    <InnerFecRate>Rate3_4</InnerFecRate>
    <Pilot>NotSet</Pilot>
    <Rolloff>NotSet</Rolloff>
  </Transponder>
  <Transponder>
    <CarrierFrequency>10842000</CarrierFrequency>
    <Polarisation>LinearH</Polarisation>
    <SymbolRate>27500</SymbolRate>
    <Modulation>ModNotSet</Modulation>
    <InnerFecRate>Rate5_6</InnerFecRate>
    <Pilot>NotSet</Pilot>
    <Rolloff>NotSet</Rolloff>
  </Transponder>
  <Transponder>
    <CarrierFrequency>10890000</CarrierFrequency>
    <Polarisation>LinearV</Polarisation>
    <SymbolRate>27500</SymbolRate>
    <Modulation>ModNotSet</Modulation>
    <InnerFecRate>Rate5_6</InnerFecRate>
    <Pilot>NotSet</Pilot>
    <Rolloff>NotSet</Rolloff>
  </Transponder>
  <Transponder>
    <CarrierFrequency>10925000</CarrierFrequency>
    <Polarisation>LinearV</Polarisation>
    <SymbolRate>27500</SymbolRate>
    <Modulation>ModNotSet</Modulation>
    <InnerFecRate>Rate5_6</InnerFecRate>
    <Pilot>NotSet</Pilot>
    <Rolloff>NotSet</Rolloff>
  </Transponder>
  <Transponder>
    <CarrierFrequency>10959000</CarrierFrequency>
    <Polarisation>LinearH</Polarisation>
    <SymbolRate>3700</SymbolRate>
    <Modulation>ModNotSet</Modulation>
    <InnerFecRate>Rate3_4</InnerFecRate>
    <Pilot>NotSet</Pilot>
    <Rolloff>NotSet</Rolloff>
  </Transponder>
  <Transponder>
    <CarrierFrequency>11006000</CarrierFrequency>
    <Polarisation>LinearH</Polarisation>
    <SymbolRate>3700</SymbolRate>
    <Modulation>ModNotSet</Modulation>
    <InnerFecRate>Rate3_4</InnerFecRate>
    <Pilot>NotSet</Pilot>
    <Rolloff>NotSet</Rolloff>
  </Transponder>
  <Transponder>
    <CarrierFrequency>11015000</CarrierFrequency>
    <Polarisation>LinearH</Polarisation>
    <SymbolRate>2295</SymbolRate>
    <Modulation>ModNotSet</Modulation>
    <InnerFecRate>Rate3_4</InnerFecRate>
    <Pilot>NotSet</Pilot>
    <Rolloff>NotSet</Rolloff>
  </Transponder>
  <Transponder>
    <CarrierFrequency>11140000</CarrierFrequency>
    <Polarisation>LinearH</Polarisation>
    <SymbolRate>3200</SymbolRate>
    <Modulation>ModNotSet</Modulation>
    <InnerFecRate>Rate3_4</InnerFecRate>
    <Pilot>NotSet</Pilot>
    <Rolloff>NotSet</Rolloff>
  </Transponder>
  <Transponder>
    <CarrierFrequency>11166000</CarrierFrequency>
    <Polarisation>LinearH</Polarisation>
    <SymbolRate>3333</SymbolRate>
    <Modulation>ModNotSet</Modulation>
    <InnerFecRate>Rate3_4</InnerFecRate>
    <Pilot>NotSet</Pilot>
    <Rolloff>NotSet</Rolloff>
  </Transponder>
  <Transponder>
    <CarrierFrequency>11173000</CarrierFrequency>
    <Polarisation>LinearH</Polarisation>
    <SymbolRate>3333</SymbolRate>
    <Modulation>ModNotSet</Modulation>
    <InnerFecRate>Rate3_4</InnerFecRate>
    <Pilot>NotSet</Pilot>
    <Rolloff>NotSet</Rolloff>
  </Transponder>
  <Transponder>
    <CarrierFrequency>11180000</CarrierFrequency>
    <Polarisation>LinearH</Polarisation>
    <SymbolRate>5650</SymbolRate>
    <Modulation>ModNotSet</Modulation>
    <InnerFecRate>Rate3_4</InnerFecRate>
    <Pilot>NotSet</Pilot>
    <Rolloff>NotSet</Rolloff>
  </Transponder>
  <Transponder>
    <CarrierFrequency>11190000</CarrierFrequency>
    <Polarisation>LinearH</Polarisation>
    <SymbolRate>3400</SymbolRate>
    <Modulation>ModNotSet</Modulation>
    <InnerFecRate>Rate3_4</InnerFecRate>
    <Pilot>NotSet</Pilot>
    <Rolloff>NotSet</Rolloff>
  </Transponder>
  <Transponder>
    <CarrierFrequency>11222000</CarrierFrequency>
    <Polarisation>LinearV</Polarisation>
    <SymbolRate>27500</SymbolRate>
    <Modulation>ModNotSet</Modulation>
    <InnerFecRate>Rate5_6</InnerFecRate>
    <Pilot>NotSet</Pilot>
    <Rolloff>NotSet</Rolloff>
  </Transponder>
  <Transponder>
    <CarrierFrequency>11258000</CarrierFrequency>
    <Polarisation>LinearV</Polarisation>
    <SymbolRate>27500</SymbolRate>
    <Modulation>ModNotSet</Modulation>
    <InnerFecRate>Rate5_6</InnerFecRate>
    <Pilot>NotSet</Pilot>
    <Rolloff>NotSet</Rolloff>
  </Transponder>
  <Transponder>
    <CarrierFrequency>11258000</CarrierFrequency>
    <Polarisation>LinearH</Polarisation>
    <SymbolRate>27500</SymbolRate>
    <Modulation>ModNotSet</Modulation>
    <InnerFecRate>Rate5_6</InnerFecRate>
    <Pilot>NotSet</Pilot>
    <Rolloff>NotSet</Rolloff>
  </Transponder>
  <Transponder>
    <CarrierFrequency>11291000</CarrierFrequency>
    <Polarisation>LinearH</Polarisation>
    <SymbolRate>2800</SymbolRate>
    <Modulation>ModNotSet</Modulation>
    <InnerFecRate>Rate3_4</InnerFecRate>
    <Pilot>NotSet</Pilot>
    <Rolloff>NotSet</Rolloff>
  </Transponder>
  <Transponder>
    <CarrierFrequency>11304000</CarrierFrequency>
    <Polarisation>LinearH</Polarisation>
    <SymbolRate>13330</SymbolRate>
    <Modulation>ModNotSet</Modulation>
    <InnerFecRate>Rate3_4</InnerFecRate>
    <Pilot>NotSet</Pilot>
    <Rolloff>NotSet</Rolloff>
  </Transponder>
  <Transponder>
    <CarrierFrequency>11336000</CarrierFrequency>
    <Polarisation>LinearH</Polarisation>
    <SymbolRate>27500</SymbolRate>
    <Modulation>ModNotSet</Modulation>
    <InnerFecRate>Rate5_6</InnerFecRate>
    <Pilot>NotSet</Pilot>
    <Rolloff>NotSet</Rolloff>
  </Transponder>
  <Transponder>
    <CarrierFrequency>11389000</CarrierFrequency>
    <Polarisation>LinearH</Polarisation>
    <SymbolRate>27500</SymbolRate>
    <Modulation>ModNotSet</Modulation>
    <InnerFecRate>Rate3_4</InnerFecRate>
    <Pilot>NotSet</Pilot>
    <Rolloff>NotSet</Rolloff>
  </Transponder>
  <Transponder>
    <CarrierFrequency>11423000</CarrierFrequency>
    <Polarisation>LinearH</Polarisation>
    <SymbolRate>3000</SymbolRate>
    <Modulation>ModNotSet</Modulation>
    <InnerFecRate>Rate3_4</InnerFecRate>
    <Pilot>NotSet</Pilot>
    <Rolloff>NotSet</Rolloff>
  </Transponder>
  <Transponder>
    <CarrierFrequency>11432000</CarrierFrequency>
    <Polarisation>LinearH</Polarisation>
    <SymbolRate>2500</SymbolRate>
    <Modulation>ModNotSet</Modulation>
    <InnerFecRate>Rate3_4</InnerFecRate>
    <Pilot>NotSet</Pilot>
    <Rolloff>NotSet</Rolloff>
  </Transponder>
  <Transponder>
    <CarrierFrequency>11435000</CarrierFrequency>
    <Polarisation>LinearH</Polarisation>
    <SymbolRate>2600</SymbolRate>
    <Modulation>ModNotSet</Modulation>
    <InnerFecRate>Rate3_4</InnerFecRate>
    <Pilot>NotSet</Pilot>
    <Rolloff>NotSet</Rolloff>
  </Transponder>
  <Transponder>
    <CarrierFrequency>11474000</CarrierFrequency>
    <Polarisation>LinearV</Polarisation>
    <SymbolRate>27500</SymbolRate>
    <Modulation>ModNotSet</Modulation>
    <InnerFecRate>Rate3_4</InnerFecRate>
    <Pilot>NotSet</Pilot>
    <Rolloff>NotSet</Rolloff>
  </Transponder>
  <Transponder>
    <CarrierFrequency>11541000</CarrierFrequency>
    <Polarisation>LinearV</Polarisation>
    <SymbolRate>2963</SymbolRate>
    <Modulation>ModNotSet</Modulation>
    <InnerFecRate>Rate3_4</InnerFecRate>
    <Pilot>NotSet</Pilot>
    <Rolloff>NotSet</Rolloff>
  </Transponder>
  <Transponder>
    <CarrierFrequency>11542000</CarrierFrequency>
    <Polarisation>LinearH</Polarisation>
    <SymbolRate>3700</SymbolRate>
    <Modulation>ModNotSet</Modulation>
    <InnerFecRate>Rate3_4</InnerFecRate>
    <Pilot>NotSet</Pilot>
    <Rolloff>NotSet</Rolloff>
  </Transponder>
  <Transponder>
    <CarrierFrequency>11544000</CarrierFrequency>
    <Polarisation>LinearV</Polarisation>
    <SymbolRate>1480</SymbolRate>
    <Modulation>ModNotSet</Modulation>
    <InnerFecRate>Rate3_4</InnerFecRate>
    <Pilot>NotSet</Pilot>
    <Rolloff>NotSet</Rolloff>
  </Transponder>
  <Transponder>
    <CarrierFrequency>11547000</CarrierFrequency>
    <Polarisation>LinearH</Polarisation>
    <SymbolRate>3333</SymbolRate>
    <Modulation>ModNotSet</Modulation>
    <InnerFecRate>Rate3_4</InnerFecRate>
    <Pilot>NotSet</Pilot>
    <Rolloff>NotSet</Rolloff>
  </Transponder>
  <Transponder>
    <CarrierFrequency>11548000</CarrierFrequency>
    <Polarisation>LinearV</Polarisation>
    <SymbolRate>1750</SymbolRate>
    <Modulation>ModNotSet</Modulation>
    <InnerFecRate>Rate5_6</InnerFecRate>
    <Pilot>NotSet</Pilot>
    <Rolloff>NotSet</Rolloff>
  </Transponder>
  <Transponder>
    <CarrierFrequency>11555000</CarrierFrequency>
    <Polarisation>LinearV</Polarisation>
    <SymbolRate>1240</SymbolRate>
    <Modulation>ModNotSet</Modulation>
    <InnerFecRate>Rate7_8</InnerFecRate>
    <Pilot>NotSet</Pilot>
    <Rolloff>NotSet</Rolloff>
  </Transponder>
  <Transponder>
    <CarrierFrequency>11565000</CarrierFrequency>
    <Polarisation>LinearV</Polarisation>
    <SymbolRate>3000</SymbolRate>
    <Modulation>ModNotSet</Modulation>
    <InnerFecRate>Rate3_4</InnerFecRate>
    <Pilot>NotSet</Pilot>
    <Rolloff>NotSet</Rolloff>
  </Transponder>
  <Transponder>
    <CarrierFrequency>11568000</CarrierFrequency>
    <Polarisation>LinearV</Polarisation>
    <SymbolRate>1480</SymbolRate>
    <Modulation>ModNotSet</Modulation>
    <InnerFecRate>Rate3_4</InnerFecRate>
    <Pilot>NotSet</Pilot>
    <Rolloff>NotSet</Rolloff>
  </Transponder>
  <Transponder>
    <CarrierFrequency>11569000</CarrierFrequency>
    <Polarisation>LinearH</Polarisation>
    <SymbolRate>13021</SymbolRate>
    <Modulation>ModNotSet</Modulation>
    <InnerFecRate>Rate3_4</InnerFecRate>
    <Pilot>NotSet</Pilot>
    <Rolloff>NotSet</Rolloff>
  </Transponder>
  <Transponder>
    <CarrierFrequency>11571000</CarrierFrequency>
    <Polarisation>LinearV</Polarisation>
    <SymbolRate>3310</SymbolRate>
    <Modulation>ModNotSet</Modulation>
    <InnerFecRate>Rate3_4</InnerFecRate>
    <Pilot>NotSet</Pilot>
    <Rolloff>NotSet</Rolloff>
  </Transponder>
  <Transponder>
    <CarrierFrequency>11575000</CarrierFrequency>
    <Polarisation>LinearV</Polarisation>
    <SymbolRate>3310</SymbolRate>
    <Modulation>ModNotSet</Modulation>
    <InnerFecRate>Rate3_4</InnerFecRate>
    <Pilot>NotSet</Pilot>
    <Rolloff>NotSet</Rolloff>
  </Transponder>
  <Transponder>
    <CarrierFrequency>11578000</CarrierFrequency>
    <Polarisation>LinearV</Polarisation>
    <SymbolRate>1222</SymbolRate>
    <Modulation>ModNotSet</Modulation>
    <InnerFecRate>Rate7_8</InnerFecRate>
    <Pilot>NotSet</Pilot>
    <Rolloff>NotSet</Rolloff>
  </Transponder>
  <Transponder>
    <CarrierFrequency>11580000</CarrierFrequency>
    <Polarisation>LinearV</Polarisation>
    <SymbolRate>1110</SymbolRate>
    <Modulation>ModNotSet</Modulation>
    <InnerFecRate>Rate7_8</InnerFecRate>
    <Pilot>NotSet</Pilot>
    <Rolloff>NotSet</Rolloff>
  </Transponder>
  <Transponder>
    <CarrierFrequency>11601000</CarrierFrequency>
    <Polarisation>LinearH</Polarisation>
    <SymbolRate>8888</SymbolRate>
    <Modulation>ModNotSet</Modulation>
    <InnerFecRate>Rate3_4</InnerFecRate>
    <Pilot>NotSet</Pilot>
    <Rolloff>NotSet</Rolloff>
  </Transponder>
  <Transponder>
    <CarrierFrequency>11610000</CarrierFrequency>
    <Polarisation>LinearH</Polarisation>
    <SymbolRate>3600</SymbolRate>
    <Modulation>ModNotSet</Modulation>
    <InnerFecRate>Rate3_4</InnerFecRate>
    <Pilot>NotSet</Pilot>
    <Rolloff>NotSet</Rolloff>
  </Transponder>
  <Transponder>
    <CarrierFrequency>11624000</CarrierFrequency>
    <Polarisation>LinearH</Polarisation>
    <SymbolRate>2604</SymbolRate>
    <Modulation>ModNotSet</Modulation>
    <InnerFecRate>Rate5_6</InnerFecRate>
    <Pilot>NotSet</Pilot>
    <Rolloff>NotSet</Rolloff>
  </Transponder>
  <Transponder>
    <CarrierFrequency>11625000</CarrierFrequency>
    <Polarisation>LinearV</Polarisation>
    <SymbolRate>3000</SymbolRate>
    <Modulation>ModNotSet</Modulation>
    <InnerFecRate>Rate3_4</InnerFecRate>
    <Pilot>NotSet</Pilot>
    <Rolloff>NotSet</Rolloff>
  </Transponder>
  <Transponder>
    <CarrierFrequency>11628000</CarrierFrequency>
    <Polarisation>LinearH</Polarisation>
    <SymbolRate>2400</SymbolRate>
    <Modulation>ModNotSet</Modulation>
    <InnerFecRate>Rate5_6</InnerFecRate>
    <Pilot>NotSet</Pilot>
    <Rolloff>NotSet</Rolloff>
  </Transponder>
  <Transponder>
    <CarrierFrequency>11635000</CarrierFrequency>
    <Polarisation>LinearH</Polarisation>
    <SymbolRate>6333</SymbolRate>
    <Modulation>ModNotSet</Modulation>
    <InnerFecRate>Rate3_4</InnerFecRate>
    <Pilot>NotSet</Pilot>
    <Rolloff>NotSet</Rolloff>
  </Transponder>
  <Transponder>
    <CarrierFrequency>11635000</CarrierFrequency>
    <Polarisation>LinearV</Polarisation>
    <SymbolRate>4410</SymbolRate>
    <Modulation>ModNotSet</Modulation>
    <InnerFecRate>Rate5_6</InnerFecRate>
    <Pilot>NotSet</Pilot>
    <Rolloff>NotSet</Rolloff>
  </Transponder>
  <Transponder>
    <CarrierFrequency>11639000</CarrierFrequency>
    <Polarisation>LinearV</Polarisation>
    <SymbolRate>2000</SymbolRate>
    <Modulation>ModNotSet</Modulation>
    <InnerFecRate>Rate5_6</InnerFecRate>
    <Pilot>NotSet</Pilot>
    <Rolloff>NotSet</Rolloff>
  </Transponder>
  <Transponder>
    <CarrierFrequency>11646000</CarrierFrequency>
    <Polarisation>LinearH</Polarisation>
    <SymbolRate>6667</SymbolRate>
    <Modulation>ModNotSet</Modulation>
    <InnerFecRate>Rate5_6</InnerFecRate>
    <Pilot>NotSet</Pilot>
    <Rolloff>NotSet</Rolloff>
  </Transponder>
  <Transponder>
    <CarrierFrequency>11647000</CarrierFrequency>
    <Polarisation>LinearV</Polarisation>
    <SymbolRate>8518</SymbolRate>
    <Modulation>ModNotSet</Modulation>
    <InnerFecRate>Rate3_4</InnerFecRate>
    <Pilot>NotSet</Pilot>
    <Rolloff>NotSet</Rolloff>
  </Transponder>
  <Transponder>
    <CarrierFrequency>11658000</CarrierFrequency>
    <Polarisation>LinearH</Polarisation>
    <SymbolRate>3333</SymbolRate>
    <Modulation>ModNotSet</Modulation>
    <InnerFecRate>Rate3_4</InnerFecRate>
    <Pilot>NotSet</Pilot>
    <Rolloff>NotSet</Rolloff>
  </Transponder>
  <Transponder>
    <CarrierFrequency>11658000</CarrierFrequency>
    <Polarisation>LinearV</Polarisation>
    <SymbolRate>8520</SymbolRate>
    <Modulation>ModNotSet</Modulation>
    <InnerFecRate>Rate2_3</InnerFecRate>
    <Pilot>NotSet</Pilot>
    <Rolloff>NotSet</Rolloff>
  </Transponder>
  <Transponder>
    <CarrierFrequency>11684000</CarrierFrequency>
    <Polarisation>LinearH</Polarisation>
    <SymbolRate>3350</SymbolRate>
    <Modulation>ModNotSet</Modulation>
    <InnerFecRate>Rate7_8</InnerFecRate>
    <Pilot>NotSet</Pilot>
    <Rolloff>NotSet</Rolloff>
  </Transponder>
  <Transponder>
    <CarrierFrequency>11687000</CarrierFrequency>
    <Polarisation>LinearV</Polarisation>
    <SymbolRate>2963</SymbolRate>
    <Modulation>ModNotSet</Modulation>
    <InnerFecRate>Rate3_4</InnerFecRate>
    <Pilot>NotSet</Pilot>
    <Rolloff>NotSet</Rolloff>
  </Transponder>
  <Transponder>
    <CarrierFrequency>11692000</CarrierFrequency>
    <Polarisation>LinearV</Polarisation>
    <SymbolRate>4444</SymbolRate>
    <Modulation>ModNotSet</Modulation>
    <InnerFecRate>Rate3_4</InnerFecRate>
    <Pilot>NotSet</Pilot>
    <Rolloff>NotSet</Rolloff>
  </Transponder>
  <Transponder>
    <CarrierFrequency>10722000</CarrierFrequency>
    <Polarisation>LinearV</Polarisation>
    <SymbolRate>30000</SymbolRate>
    <Modulation>Mod8Psk</Modulation>
    <InnerFecRate>Rate2_3</InnerFecRate>
    <Pilot>On</Pilot>
    <Rolloff>ThirtyFive</Rolloff>
  </Transponder>
  <Transponder>
    <CarrierFrequency>10806000</CarrierFrequency>
    <Polarisation>LinearV</Polarisation>
    <SymbolRate>30000</SymbolRate>
    <Modulation>Mod8Psk</Modulation>
    <InnerFecRate>Rate3_4</InnerFecRate>
    <Pilot>On</Pilot>
    <Rolloff>ThirtyFive</Rolloff>
  </Transponder>
  <Transponder>
    <CarrierFrequency>10842000</CarrierFrequency>
    <Polarisation>LinearV</Polarisation>
    <SymbolRate>30000</SymbolRate>
    <Modulation>Mod8Psk</Modulation>
    <InnerFecRate>Rate3_4</InnerFecRate>
    <Pilot>On</Pilot>
    <Rolloff>ThirtyFive</Rolloff>
  </Transponder>
  <Transponder>
    <CarrierFrequency>10889000</CarrierFrequency>
    <Polarisation>LinearV</Polarisation>
    <SymbolRate>30000</SymbolRate>
    <Modulation>Mod8Psk</Modulation>
    <InnerFecRate>Rate3_4</InnerFecRate>
    <Pilot>On</Pilot>
    <Rolloff>ThirtyFive</Rolloff>
  </Transponder>
  <Transponder>
    <CarrierFrequency>10890000</CarrierFrequency>
    <Polarisation>LinearH</Polarisation>
    <SymbolRate>30000</SymbolRate>
    <Modulation>ModQpsk</Modulation>
    <InnerFecRate>Rate3_4</InnerFecRate>
    <Pilot>Off</Pilot>
    <Rolloff>ThirtyFive</Rolloff>
  </Transponder>
  <Transponder>
    <CarrierFrequency>10926000</CarrierFrequency>
    <Polarisation>LinearH</Polarisation>
    <SymbolRate>30000</SymbolRate>
    <Modulation>ModQpsk</Modulation>
    <InnerFecRate>Rate3_4</InnerFecRate>
    <Pilot>Off</Pilot>
    <Rolloff>ThirtyFive</Rolloff>
  </Transponder>
  <Transponder>
    <CarrierFrequency>10926000</CarrierFrequency>
    <Polarisation>LinearV</Polarisation>
    <SymbolRate>20500</SymbolRate>
    <Modulation>Mod8Psk</Modulation>
    <InnerFecRate>Rate3_4</InnerFecRate>
    <Pilot>On</Pilot>
    <Rolloff>ThirtyFive</Rolloff>
  </Transponder>
  <Transponder>
    <CarrierFrequency>10972000</CarrierFrequency>
    <Polarisation>LinearV</Polarisation>
    <SymbolRate>30000</SymbolRate>
    <Modulation>Mod8Psk</Modulation>
    <InnerFecRate>Rate2_3</InnerFecRate>
    <Pilot>On</Pilot>
    <Rolloff>ThirtyFive</Rolloff>
  </Transponder>
  <Transponder>
    <CarrierFrequency>11008000</CarrierFrequency>
    <Polarisation>LinearV</Polarisation>
    <SymbolRate>30000</SymbolRate>
    <Modulation>Mod8Psk</Modulation>
    <InnerFecRate>Rate2_3</InnerFecRate>
    <Pilot>On</Pilot>
    <Rolloff>ThirtyFive</Rolloff>
  </Transponder>
  <Transponder>
    <CarrierFrequency>11130000</CarrierFrequency>
    <Polarisation>LinearH</Polarisation>
    <SymbolRate>10000</SymbolRate>
    <Modulation>Mod8Psk</Modulation>
    <InnerFecRate>Rate2_3</InnerFecRate>
    <Pilot>On</Pilot>
    <Rolloff>ThirtyFive</Rolloff>
  </Transponder>
  <Transponder>
    <CarrierFrequency>11222000</CarrierFrequency>
    <Polarisation>LinearH</Polarisation>
    <SymbolRate>30000</SymbolRate>
    <Modulation>ModQpsk</Modulation>
    <InnerFecRate>Rate5_6</InnerFecRate>
    <Pilot>Off</Pilot>
    <Rolloff>ThirtyFive</Rolloff>
  </Transponder>
  <Transponder>
    <CarrierFrequency>11315000</CarrierFrequency>
    <Polarisation>LinearH</Polarisation>
    <SymbolRate>5000</SymbolRate>
    <Modulation>Mod8Psk</Modulation>
    <InnerFecRate>Rate3_4</InnerFecRate>
    <Pilot>On</Pilot>
    <Rolloff>ThirtyFive</Rolloff>
  </Transponder>
  <Transponder>
    <CarrierFrequency>11510000</CarrierFrequency>
    <Polarisation>LinearV</Polarisation>
    <SymbolRate>30000</SymbolRate>
    <Modulation>Mod8Psk</Modulation>
    <InnerFecRate>Rate2_3</InnerFecRate>
    <Pilot>On</Pilot>
    <Rolloff>ThirtyFive</Rolloff>
  </Transponder>
  <Transponder>
    <CarrierFrequency>11552000</CarrierFrequency>
    <Polarisation>LinearV</Polarisation>
    <SymbolRate>2600</SymbolRate>
    <Modulation>Mod8Psk</Modulation>
    <InnerFecRate>Rate5_6</InnerFecRate>
    <Pilot>On</Pilot>
    <Rolloff>ThirtyFive</Rolloff>
  </Transponder>
</ArrayOfTransponder>