<?xml version="1.0" encoding="utf-8"?>
<ArrayOfATSCTuning xmlns:xsi="http://www.w3.org/2001/XMLSchema-instance" xmlns:xsd="http://www.w3.org/2001/XMLSchema">
  <!-- "low band", channel 1..6 -->
  <!-- Note channel 1 is not standardised, in this file it is just for padding. -->
  <ATSCTuning>
    <frequency>135</frequency>
  </ATSCTuning>
  <ATSCTuning>
    <frequency>55250</frequency>
  </ATSCTuning>
  <ATSCTuning>
    <frequency>61250</frequency>
  </ATSCTuning>
  <ATSCTuning>
    <frequency>67250</frequency>
  </ATSCTuning>
  <ATSCTuning>
    <frequency>79250</frequency>
  </ATSCTuning>
  <ATSCTuning>
    <frequency>85250</frequency>
  </ATSCTuning>
  <!-- "high band", channel 7..13 -->
  <ATSCTuning>
    <frequency>175250</frequency>
  </ATSCTuning>
  <ATSCTuning>
    <frequency>181250</frequency>
  </ATSCTuning>
  <ATSCTuning>
    <frequency>187250</frequency>
  </ATSCTuning>
  <ATSCTuning>
    <frequency>193250</frequency>
  </ATSCTuning>
  <ATSCTuning>
    <frequency>199250</frequency>
  </ATSCTuning>
  <ATSCTuning>
    <frequency>205250</frequency>
  </ATSCTuning>
  <ATSCTuning>
    <frequency>211250</frequency>
  </ATSCTuning>
  <!-- "mid band" part 2, channel 14..22 -->
  <ATSCTuning>
    <frequency>121262</frequency>
  </ATSCTuning>
  <ATSCTuning>
    <frequency>127262</frequency>
  </ATSCTuning>
  <ATSCTuning>
    <frequency>133262</frequency>
  </ATSCTuning>
  <ATSCTuning>
    <frequency>139250</frequency>
  </ATSCTuning>
  <ATSCTuning>
    <frequency>145250</frequency>
  </ATSCTuning>
  <ATSCTuning>
    <frequency>151250</frequency>
  </ATSCTuning>
  <ATSCTuning>
    <frequency>157250</frequency>
  </ATSCTuning>
  <ATSCTuning>
    <frequency>163250</frequency>
  </ATSCTuning>
  <ATSCTuning>
    <frequency>169250</frequency>
  </ATSCTuning>
  <!-- "super band", channel 23..36 -->
  <ATSCTuning>
    <frequency>217250</frequency>
  </ATSCTuning>
  <ATSCTuning>
    <frequency>223250</frequency>
  </ATSCTuning>
  <ATSCTuning>
    <frequency>229262</frequency>
  </ATSCTuning>
  <ATSCTuning>
    <frequency>235262</frequency>
  </ATSCTuning>
  <ATSCTuning>
    <frequency>241262</frequency>
  </ATSCTuning>
  <ATSCTuning>
    <frequency>247262</frequency>
  </ATSCTuning>
  <ATSCTuning>
    <frequency>253262</frequency>
  </ATSCTuning>
  <ATSCTuning>
    <frequency>259262</frequency>
  </ATSCTuning>
  <ATSCTuning>
    <frequency>265262</frequency>
  </ATSCTuning>
  <ATSCTuning>
    <frequency>271262</frequency>
  </ATSCTuning>
  <ATSCTuning>
    <frequency>277262</frequency>
  </ATSCTuning>
  <ATSCTuning>
    <frequency>283262</frequency>
  </ATSCTuning>
  <ATSCTuning>
    <frequency>289262</frequency>
  </ATSCTuning>
  <ATSCTuning>
    <frequency>295262</frequency>
  </ATSCTuning>
  <!-- "hyper band", channel 37..64 -->
  <ATSCTuning>
    <frequency>301262</frequency>
  </ATSCTuning>
  <ATSCTuning>
    <frequency>307262</frequency>
  </ATSCTuning>
  <ATSCTuning>
    <frequency>313262</frequency>
  </ATSCTuning>
  <ATSCTuning>
    <frequency>319262</frequency>
  </ATSCTuning>
  <ATSCTuning>
    <frequency>325262</frequency>
  </ATSCTuning>
  <ATSCTuning>
    <frequency>331275</frequency>
  </ATSCTuning>
  <ATSCTuning>
    <frequency>337262</frequency>
  </ATSCTuning>
  <ATSCTuning>
    <frequency>343262</frequency>
  </ATSCTuning>
  <ATSCTuning>
    <frequency>349262</frequency>
  </ATSCTuning>
  <ATSCTuning>
    <frequency>355262</frequency>
  </ATSCTuning>
  <ATSCTuning>
    <frequency>361262</frequency>
  </ATSCTuning>
  <ATSCTuning>
    <frequency>367262</frequency>
  </ATSCTuning>
  <ATSCTuning>
    <frequency>373262</frequency>
  </ATSCTuning>
  <ATSCTuning>
    <frequency>379262</frequency>
  </ATSCTuning>
  <ATSCTuning>
    <frequency>385262</frequency>
  </ATSCTuning>
  <ATSCTuning>
    <frequency>391262</frequency>
  </ATSCTuning>
  <ATSCTuning>
    <frequency>397262</frequency>
  </ATSCTuning>
  <ATSCTuning>
    <frequency>403250</frequency>
  </ATSCTuning>
  <ATSCTuning>
    <frequency>409250</frequency>
  </ATSCTuning>
  <ATSCTuning>
    <frequency>415250</frequency>
  </ATSCTuning>
  <ATSCTuning>
    <frequency>421250</frequency>
  </ATSCTuning>
  <ATSCTuning>
    <frequency>427250</frequency>
  </ATSCTuning>
  <ATSCTuning>
    <frequency>433250</frequency>
  </ATSCTuning>
  <ATSCTuning>
    <frequency>439250</frequency>
  </ATSCTuning>
  <ATSCTuning>
    <frequency>445250</frequency>
  </ATSCTuning>
  <ATSCTuning>
    <frequency>451250</frequency>
  </ATSCTuning>
  <ATSCTuning>
    <frequency>457250</frequency>
  </ATSCTuning>
  <ATSCTuning>
    <frequency>463250</frequency>
  </ATSCTuning>
  <!-- "ultra band", channel 65..94 -->
  <ATSCTuning>
    <frequency>469250</frequency>
  </ATSCTuning>
  <ATSCTuning>
    <frequency>475250</frequency>
  </ATSCTuning>
  <ATSCTuning>
    <frequency>481250</frequency>
  </ATSCTuning>
  <ATSCTuning>
    <frequency>487250</frequency>
  </ATSCTuning>
  <ATSCTuning>
    <frequency>493250</frequency>
  </ATSCTuning>
  <ATSCTuning>
    <frequency>499250</frequency>
  </ATSCTuning>
  <ATSCTuning>
    <frequency>505250</frequency>
  </ATSCTuning>
  <ATSCTuning>
    <frequency>511250</frequency>
  </ATSCTuning>
  <ATSCTuning>
    <frequency>517250</frequency>
  </ATSCTuning>
  <ATSCTuning>
    <frequency>523250</frequency>
  </ATSCTuning>
  <ATSCTuning>
    <frequency>529250</frequency>
  </ATSCTuning>
  <ATSCTuning>
    <frequency>535250</frequency>
  </ATSCTuning>
  <ATSCTuning>
    <frequency>541250</frequency>
  </ATSCTuning>
  <ATSCTuning>
    <frequency>547250</frequency>
  </ATSCTuning>
  <ATSCTuning>
    <frequency>553250</frequency>
  </ATSCTuning>
  <ATSCTuning>
    <frequency>559250</frequency>
  </ATSCTuning>
  <ATSCTuning>
    <frequency>565250</frequency>
  </ATSCTuning>
  <ATSCTuning>
    <frequency>571250</frequency>
  </ATSCTuning>
  <ATSCTuning>
    <frequency>577250</frequency>
  </ATSCTuning>
  <ATSCTuning>
    <frequency>583250</frequency>
  </ATSCTuning>
  <ATSCTuning>
    <frequency>589250</frequency>
  </ATSCTuning>
  <ATSCTuning>
    <frequency>595250</frequency>
  </ATSCTuning>
  <ATSCTuning>
    <frequency>601250</frequency>
  </ATSCTuning>
  <ATSCTuning>
    <frequency>607250</frequency>
  </ATSCTuning>
  <ATSCTuning>
    <frequency>613250</frequency>
  </ATSCTuning>
  <ATSCTuning>
    <frequency>619250</frequency>
  </ATSCTuning>
  <ATSCTuning>
    <frequency>625250</frequency>
  </ATSCTuning>
  <ATSCTuning>
    <frequency>631250</frequency>
  </ATSCTuning>
  <ATSCTuning>
    <frequency>637250</frequency>
  </ATSCTuning>
  <ATSCTuning>
    <frequency>643250</frequency>
  </ATSCTuning>
  <!-- "mid band" part 1, channel 95..99 -->
  <ATSCTuning>
    <frequency>91250</frequency>
  </ATSCTuning>
  <ATSCTuning>
    <frequency>97250</frequency>
  </ATSCTuning>
  <ATSCTuning>
    <frequency>103250</frequency>
  </ATSCTuning>
  <ATSCTuning>
    <frequency>109275</frequency>
  </ATSCTuning>
  <ATSCTuning>
    <frequency>115275</frequency>
  </ATSCTuning>
  <!-- "jumbo band", channel 100..158 -->
  <ATSCTuning>
    <frequency>649250</frequency>
  </ATSCTuning>
  <ATSCTuning>
    <frequency>655250</frequency>
  </ATSCTuning>
  <ATSCTuning>
    <frequency>661250</frequency>
  </ATSCTuning>
  <ATSCTuning>
    <frequency>667250</frequency>
  </ATSCTuning>
  <ATSCTuning>
    <frequency>673250</frequency>
  </ATSCTuning>
  <ATSCTuning>
    <frequency>679250</frequency>
  </ATSCTuning>
  <ATSCTuning>
    <frequency>685250</frequency>
  </ATSCTuning>
  <ATSCTuning>
    <frequency>691250</frequency>
  </ATSCTuning>
  <ATSCTuning>
    <frequency>697250</frequency>
  </ATSCTuning>
  <ATSCTuning>
    <frequency>703250</frequency>
  </ATSCTuning>
  <ATSCTuning>
    <frequency>709250</frequency>
  </ATSCTuning>
  <ATSCTuning>
    <frequency>715250</frequency>
  </ATSCTuning>
  <ATSCTuning>
    <frequency>721250</frequency>
  </ATSCTuning>
  <ATSCTuning>
    <frequency>727250</frequency>
  </ATSCTuning>
  <ATSCTuning>
    <frequency>733250</frequency>
  </ATSCTuning>
  <ATSCTuning>
    <frequency>739250</frequency>
  </ATSCTuning>
  <ATSCTuning>
    <frequency>745250</frequency>
  </ATSCTuning>
  <ATSCTuning>
    <frequency>751250</frequency>
  </ATSCTuning>
  <ATSCTuning>
    <frequency>757250</frequency>
  </ATSCTuning>
  <ATSCTuning>
    <frequency>763250</frequency>
  </ATSCTuning>
  <ATSCTuning>
    <frequency>769250</frequency>
  </ATSCTuning>
  <ATSCTuning>
    <frequency>775250</frequency>
  </ATSCTuning>
  <ATSCTuning>
    <frequency>781250</frequency>
  </ATSCTuning>
  <ATSCTuning>
    <frequency>787250</frequency>
  </ATSCTuning>
  <ATSCTuning>
    <frequency>793250</frequency>
  </ATSCTuning>
  <ATSCTuning>
    <frequency>799250</frequency>
  </ATSCTuning>
  <ATSCTuning>
    <frequency>805250</frequency>
  </ATSCTuning>
  <ATSCTuning>
    <frequency>811250</frequency>
  </ATSCTuning>
  <ATSCTuning>
    <frequency>817250</frequency>
  </ATSCTuning>
  <ATSCTuning>
    <frequency>823250</frequency>
  </ATSCTuning>
  <ATSCTuning>
    <frequency>829250</frequency>
  </ATSCTuning>
  <ATSCTuning>
    <frequency>835250</frequency>
  </ATSCTuning>
  <ATSCTuning>
    <frequency>841250</frequency>
  </ATSCTuning>
  <ATSCTuning>
    <frequency>847250</frequency>
  </ATSCTuning>
  <ATSCTuning>
    <frequency>853250</frequency>
  </ATSCTuning>
  <ATSCTuning>
    <frequency>859250</frequency>
  </ATSCTuning>
  <ATSCTuning>
    <frequency>865250</frequency>
  </ATSCTuning>
  <ATSCTuning>
    <frequency>871250</frequency>
  </ATSCTuning>
  <ATSCTuning>
    <frequency>877250</frequency>
  </ATSCTuning>
  <ATSCTuning>
    <frequency>883250</frequency>
  </ATSCTuning>
  <ATSCTuning>
    <frequency>889250</frequency>
  </ATSCTuning>
  <ATSCTuning>
    <frequency>895250</frequency>
  </ATSCTuning>
  <ATSCTuning>
    <frequency>901250</frequency>
  </ATSCTuning>
  <ATSCTuning>
    <frequency>907250</frequency>
  </ATSCTuning>
  <ATSCTuning>
    <frequency>913250</frequency>
  </ATSCTuning>
  <ATSCTuning>
    <frequency>919250</frequency>
  </ATSCTuning>
  <ATSCTuning>
    <frequency>925250</frequency>
  </ATSCTuning>
  <ATSCTuning>
    <frequency>931250</frequency>
  </ATSCTuning>
  <ATSCTuning>
    <frequency>937250</frequency>
  </ATSCTuning>
  <ATSCTuning>
    <frequency>943250</frequency>
  </ATSCTuning>
  <ATSCTuning>
    <frequency>949250</frequency>
  </ATSCTuning>
  <ATSCTuning>
    <frequency>955250</frequency>
  </ATSCTuning>
  <ATSCTuning>
    <frequency>961250</frequency>
  </ATSCTuning>
  <ATSCTuning>
    <frequency>967250</frequency>
  </ATSCTuning>
  <ATSCTuning>
    <frequency>973250</frequency>
  </ATSCTuning>
  <ATSCTuning>
    <frequency>979250</frequency>
  </ATSCTuning>
  <ATSCTuning>
    <frequency>985250</frequency>
  </ATSCTuning>
  <ATSCTuning>
    <frequency>991250</frequency>
  </ATSCTuning>
  <ATSCTuning>
    <frequency>997250</frequency>
  </ATSCTuning>
</ArrayOfATSCTuning>