<?xml version="1.0" encoding="utf-8"?>
<ArrayOfATSCTuning xmlns:xsi="http://www.w3.org/2001/XMLSchema-instance" xmlns:xsd="http://www.w3.org/2001/XMLSchema">
  <!-- "low band", channel 1..6 -->
  <ATSCTuning>
    <frequency>72004</frequency>
  </ATSCTuning>
  <ATSCTuning>
    <frequency>54003</frequency>
  </ATSCTuning>
  <ATSCTuning>
    <frequency>60003</frequency>
  </ATSCTuning>
  <ATSCTuning>
    <frequency>66003</frequency>
  </ATSCTuning>
  <ATSCTuning>
    <frequency>78004</frequency>
  </ATSCTuning>
  <ATSCTuning>
    <frequency>84004</frequency>
  </ATSCTuning>
  <!-- "high band", channel 7..13 -->
  <ATSCTuning>
    <frequency>174009</frequency>
  </ATSCTuning>
  <ATSCTuning>
    <frequency>180009</frequency>
  </ATSCTuning>
  <ATSCTuning>
    <frequency>186009</frequency>
  </ATSCTuning>
  <ATSCTuning>
    <frequency>192010</frequency>
  </ATSCTuning>
  <ATSCTuning>
    <frequency>198010</frequency>
  </ATSCTuning>
  <ATSCTuning>
    <frequency>204010</frequency>
  </ATSCTuning>
  <ATSCTuning>
    <frequency>210011</frequency>
  </ATSCTuning>
  <!-- "mid band" part 2, channel 14..22 -->
  <ATSCTuning>
    <frequency>120006</frequency>
  </ATSCTuning>
  <ATSCTuning>
    <frequency>126006</frequency>
  </ATSCTuning>
  <ATSCTuning>
    <frequency>132007</frequency>
  </ATSCTuning>
  <ATSCTuning>
    <frequency>138007</frequency>
  </ATSCTuning>
  <ATSCTuning>
    <frequency>144007</frequency>
  </ATSCTuning>
  <ATSCTuning>
    <frequency>150008</frequency>
  </ATSCTuning>
  <ATSCTuning>
    <frequency>156008</frequency>
  </ATSCTuning>
  <ATSCTuning>
    <frequency>162008</frequency>
  </ATSCTuning>
  <ATSCTuning>
    <frequency>168008</frequency>
  </ATSCTuning>
  <!-- "super band", channel 23..36 -->
  <ATSCTuning>
    <frequency>216011</frequency>
  </ATSCTuning>
  <ATSCTuning>
    <frequency>222011</frequency>
  </ATSCTuning>
  <ATSCTuning>
    <frequency>228011</frequency>
  </ATSCTuning>
  <ATSCTuning>
    <frequency>234012</frequency>
  </ATSCTuning>
  <ATSCTuning>
    <frequency>240012</frequency>
  </ATSCTuning>
  <ATSCTuning>
    <frequency>246012</frequency>
  </ATSCTuning>
  <ATSCTuning>
    <frequency>252013</frequency>
  </ATSCTuning>
  <ATSCTuning>
    <frequency>258013</frequency>
  </ATSCTuning>
  <ATSCTuning>
    <frequency>264013</frequency>
  </ATSCTuning>
  <ATSCTuning>
    <frequency>270014</frequency>
  </ATSCTuning>
  <ATSCTuning>
    <frequency>276014</frequency>
  </ATSCTuning>
  <ATSCTuning>
    <frequency>282014</frequency>
  </ATSCTuning>
  <ATSCTuning>
    <frequency>288014</frequency>
  </ATSCTuning>
  <ATSCTuning>
    <frequency>294015</frequency>
  </ATSCTuning>
  <!-- "hyper band", channel 37..64 -->
  <ATSCTuning>
    <frequency>300015</frequency>
  </ATSCTuning>
  <ATSCTuning>
    <frequency>306015</frequency>
  </ATSCTuning>
  <ATSCTuning>
    <frequency>312016</frequency>
  </ATSCTuning>
  <ATSCTuning>
    <frequency>318016</frequency>
  </ATSCTuning>
  <ATSCTuning>
    <frequency>324016</frequency>
  </ATSCTuning>
  <ATSCTuning>
    <frequency>330016</frequency>
  </ATSCTuning>
  <ATSCTuning>
    <frequency>336017</frequency>
  </ATSCTuning>
  <ATSCTuning>
    <frequency>342017</frequency>
  </ATSCTuning>
  <ATSCTuning>
    <frequency>348017</frequency>
  </ATSCTuning>
  <ATSCTuning>
    <frequency>354018</frequency>
  </ATSCTuning>
  <ATSCTuning>
    <frequency>360018</frequency>
  </ATSCTuning>
  <ATSCTuning>
    <frequency>366018</frequency>
  </ATSCTuning>
  <ATSCTuning>
    <frequency>372019</frequency>
  </ATSCTuning>
  <ATSCTuning>
    <frequency>378019</frequency>
  </ATSCTuning>
  <ATSCTuning>
    <frequency>384019</frequency>
  </ATSCTuning>
  <ATSCTuning>
    <frequency>390019</frequency>
  </ATSCTuning>
  <ATSCTuning>
    <frequency>396020</frequency>
  </ATSCTuning>
  <ATSCTuning>
    <frequency>402020</frequency>
  </ATSCTuning>
  <ATSCTuning>
    <frequency>408020</frequency>
  </ATSCTuning>
  <ATSCTuning>
    <frequency>414021</frequency>
  </ATSCTuning>
  <ATSCTuning>
    <frequency>420021</frequency>
  </ATSCTuning>
  <ATSCTuning>
    <frequency>426021</frequency>
  </ATSCTuning>
  <ATSCTuning>
    <frequency>432022</frequency>
  </ATSCTuning>
  <ATSCTuning>
    <frequency>438022</frequency>
  </ATSCTuning>
  <ATSCTuning>
    <frequency>444022</frequency>
  </ATSCTuning>
  <ATSCTuning>
    <frequency>450022</frequency>
  </ATSCTuning>
  <ATSCTuning>
    <frequency>456023</frequency>
  </ATSCTuning>
  <ATSCTuning>
    <frequency>462023</frequency>
  </ATSCTuning>
  <!-- "ultra band", channel 65..94 -->
  <ATSCTuning>
    <frequency>468023</frequency>
  </ATSCTuning>
  <ATSCTuning>
    <frequency>474024</frequency>
  </ATSCTuning>
  <ATSCTuning>
    <frequency>480024</frequency>
  </ATSCTuning>
  <ATSCTuning>
    <frequency>486024</frequency>
  </ATSCTuning>
  <ATSCTuning>
    <frequency>492025</frequency>
  </ATSCTuning>
  <ATSCTuning>
    <frequency>498025</frequency>
  </ATSCTuning>
  <ATSCTuning>
    <frequency>504025</frequency>
  </ATSCTuning>
  <ATSCTuning>
    <frequency>510025</frequency>
  </ATSCTuning>
  <ATSCTuning>
    <frequency>516026</frequency>
  </ATSCTuning>
  <ATSCTuning>
    <frequency>522026</frequency>
  </ATSCTuning>
  <ATSCTuning>
    <frequency>528026</frequency>
  </ATSCTuning>
  <ATSCTuning>
    <frequency>534027</frequency>
  </ATSCTuning>
  <ATSCTuning>
    <frequency>540027</frequency>
  </ATSCTuning>
  <ATSCTuning>
    <frequency>546027</frequency>
  </ATSCTuning>
  <ATSCTuning>
    <frequency>552028</frequency>
  </ATSCTuning>
  <ATSCTuning>
    <frequency>558028</frequency>
  </ATSCTuning>
  <ATSCTuning>
    <frequency>564028</frequency>
  </ATSCTuning>
  <ATSCTuning>
    <frequency>570028</frequency>
  </ATSCTuning>
  <ATSCTuning>
    <frequency>576029</frequency>
  </ATSCTuning>
  <ATSCTuning>
    <frequency>582029</frequency>
  </ATSCTuning>
  <ATSCTuning>
    <frequency>588029</frequency>
  </ATSCTuning>
  <ATSCTuning>
    <frequency>594030</frequency>
  </ATSCTuning>
  <ATSCTuning>
    <frequency>600030</frequency>
  </ATSCTuning>
  <ATSCTuning>
    <frequency>606030</frequency>
  </ATSCTuning>
  <ATSCTuning>
    <frequency>612031</frequency>
  </ATSCTuning>
  <ATSCTuning>
    <frequency>618031</frequency>
  </ATSCTuning>
  <ATSCTuning>
    <frequency>624031</frequency>
  </ATSCTuning>
  <ATSCTuning>
    <frequency>630032</frequency>
  </ATSCTuning>
  <ATSCTuning>
    <frequency>636032</frequency>
  </ATSCTuning>
  <ATSCTuning>
    <frequency>642032</frequency>
  </ATSCTuning>
  <!-- "mid band" part 1, channel 95..99 -->
  <ATSCTuning>
    <frequency>90005</frequency>
  </ATSCTuning>
  <ATSCTuning>
    <frequency>96005</frequency>
  </ATSCTuning>
  <ATSCTuning>
    <frequency>102005</frequency>
  </ATSCTuning>
  <ATSCTuning>
    <frequency>108005</frequency>
  </ATSCTuning>
  <ATSCTuning>
    <frequency>114006</frequency>
  </ATSCTuning>
  <!-- "jumbo band", channel 100..158 -->
  <ATSCTuning>
    <frequency>648032</frequency>
  </ATSCTuning>
  <ATSCTuning>
    <frequency>654033</frequency>
  </ATSCTuning>
  <ATSCTuning>
    <frequency>660033</frequency>
  </ATSCTuning>
  <ATSCTuning>
    <frequency>666033</frequency>
  </ATSCTuning>
  <ATSCTuning>
    <frequency>672034</frequency>
  </ATSCTuning>
  <ATSCTuning>
    <frequency>678034</frequency>
  </ATSCTuning>
  <ATSCTuning>
    <frequency>684034</frequency>
  </ATSCTuning>
  <ATSCTuning>
    <frequency>690035</frequency>
  </ATSCTuning>
  <ATSCTuning>
    <frequency>696035</frequency>
  </ATSCTuning>
  <ATSCTuning>
    <frequency>702035</frequency>
  </ATSCTuning>
  <ATSCTuning>
    <frequency>708035</frequency>
  </ATSCTuning>
  <ATSCTuning>
    <frequency>714036</frequency>
  </ATSCTuning>
  <ATSCTuning>
    <frequency>720036</frequency>
  </ATSCTuning>
  <ATSCTuning>
    <frequency>726036</frequency>
  </ATSCTuning>
  <ATSCTuning>
    <frequency>732037</frequency>
  </ATSCTuning>
  <ATSCTuning>
    <frequency>738037</frequency>
  </ATSCTuning>
  <ATSCTuning>
    <frequency>744037</frequency>
  </ATSCTuning>
  <ATSCTuning>
    <frequency>750038</frequency>
  </ATSCTuning>
  <ATSCTuning>
    <frequency>756038</frequency>
  </ATSCTuning>
  <ATSCTuning>
    <frequency>762038</frequency>
  </ATSCTuning>
  <ATSCTuning>
    <frequency>768038</frequency>
  </ATSCTuning>
  <ATSCTuning>
    <frequency>774039</frequency>
  </ATSCTuning>
  <ATSCTuning>
    <frequency>780039</frequency>
  </ATSCTuning>
  <ATSCTuning>
    <frequency>786039</frequency>
  </ATSCTuning>
  <ATSCTuning>
    <frequency>792040</frequency>
  </ATSCTuning>
  <ATSCTuning>
    <frequency>798040</frequency>
  </ATSCTuning>
  <ATSCTuning>
    <frequency>804040</frequency>
  </ATSCTuning>
  <ATSCTuning>
    <frequency>810041</frequency>
  </ATSCTuning>
  <ATSCTuning>
    <frequency>816041</frequency>
  </ATSCTuning>
  <ATSCTuning>
    <frequency>822041</frequency>
  </ATSCTuning>
  <ATSCTuning>
    <frequency>828041</frequency>
  </ATSCTuning>
  <ATSCTuning>
    <frequency>834042</frequency>
  </ATSCTuning>
  <ATSCTuning>
    <frequency>840042</frequency>
  </ATSCTuning>
  <ATSCTuning>
    <frequency>846042</frequency>
  </ATSCTuning>
  <ATSCTuning>
    <frequency>852043</frequency>
  </ATSCTuning>
  <ATSCTuning>
    <frequency>858043</frequency>
  </ATSCTuning>
  <ATSCTuning>
    <frequency>864043</frequency>
  </ATSCTuning>
  <ATSCTuning>
    <frequency>870044</frequency>
  </ATSCTuning>
  <ATSCTuning>
    <frequency>876044</frequency>
  </ATSCTuning>
  <ATSCTuning>
    <frequency>882044</frequency>
  </ATSCTuning>
  <ATSCTuning>
    <frequency>888044</frequency>
  </ATSCTuning>
  <ATSCTuning>
    <frequency>894045</frequency>
  </ATSCTuning>
  <ATSCTuning>
    <frequency>900045</frequency>
  </ATSCTuning>
  <ATSCTuning>
    <frequency>906045</frequency>
  </ATSCTuning>
  <ATSCTuning>
    <frequency>912046</frequency>
  </ATSCTuning>
  <ATSCTuning>
    <frequency>918046</frequency>
  </ATSCTuning>
  <ATSCTuning>
    <frequency>924046</frequency>
  </ATSCTuning>
  <ATSCTuning>
    <frequency>930047</frequency>
  </ATSCTuning>
  <ATSCTuning>
    <frequency>936047</frequency>
  </ATSCTuning>
  <ATSCTuning>
    <frequency>942047</frequency>
  </ATSCTuning>
  <ATSCTuning>
    <frequency>948047</frequency>
  </ATSCTuning>
  <ATSCTuning>
    <frequency>954048</frequency>
  </ATSCTuning>
  <ATSCTuning>
    <frequency>960048</frequency>
  </ATSCTuning>
  <ATSCTuning>
    <frequency>966048</frequency>
  </ATSCTuning>
  <ATSCTuning>
    <frequency>972049</frequency>
  </ATSCTuning>
  <ATSCTuning>
    <frequency>978049</frequency>
  </ATSCTuning>
  <ATSCTuning>
    <frequency>984049</frequency>
  </ATSCTuning>
  <ATSCTuning>
    <frequency>990050</frequency>
  </ATSCTuning>
  <ATSCTuning>
    <frequency>996050</frequency>
  </ATSCTuning>
</ArrayOfATSCTuning>