<?xml version="1.0" encoding="utf-8"?>
<ArrayOfATSCTuning xmlns:xsi="http://www.w3.org/2001/XMLSchema-instance" xmlns:xsd="http://www.w3.org/2001/XMLSchema">
  <!-- "low band", channel 1..6 -->
  <ATSCTuning>
    <frequency>73262</frequency>
  </ATSCTuning>
  <ATSCTuning>
    <frequency>55262</frequency>
  </ATSCTuning>
  <ATSCTuning>
    <frequency>61262</frequency>
  </ATSCTuning>
  <ATSCTuning>
    <frequency>67262</frequency>
  </ATSCTuning>
  <ATSCTuning>
    <frequency>79262</frequency>
  </ATSCTuning>
  <ATSCTuning>
    <frequency>85262</frequency>
  </ATSCTuning>
  <!-- "high band", channel 7..13 -->
  <ATSCTuning>
    <frequency>175262</frequency>
  </ATSCTuning>
  <ATSCTuning>
    <frequency>181262</frequency>
  </ATSCTuning>
  <ATSCTuning>
    <frequency>187262</frequency>
  </ATSCTuning>
  <ATSCTuning>
    <frequency>193262</frequency>
  </ATSCTuning>
  <ATSCTuning>
    <frequency>199262</frequency>
  </ATSCTuning>
  <ATSCTuning>
    <frequency>205262</frequency>
  </ATSCTuning>
  <ATSCTuning>
    <frequency>211262</frequency>
  </ATSCTuning>
  <!-- "mid band" part 2, channel 14..22 -->
  <ATSCTuning>
    <frequency>121262</frequency>
  </ATSCTuning>
  <ATSCTuning>
    <frequency>127262</frequency>
  </ATSCTuning>
  <ATSCTuning>
    <frequency>133262</frequency>
  </ATSCTuning>
  <ATSCTuning>
    <frequency>139262</frequency>
  </ATSCTuning>
  <ATSCTuning>
    <frequency>145262</frequency>
  </ATSCTuning>
  <ATSCTuning>
    <frequency>151262</frequency>
  </ATSCTuning>
  <ATSCTuning>
    <frequency>157262</frequency>
  </ATSCTuning>
  <ATSCTuning>
    <frequency>163262</frequency>
  </ATSCTuning>
  <ATSCTuning>
    <frequency>169262</frequency>
  </ATSCTuning>
  <!-- "super band", channel 23..36 -->
  <ATSCTuning>
    <frequency>217262</frequency>
  </ATSCTuning>
  <ATSCTuning>
    <frequency>223262</frequency>
  </ATSCTuning>
  <ATSCTuning>
    <frequency>229262</frequency>
  </ATSCTuning>
  <ATSCTuning>
    <frequency>235262</frequency>
  </ATSCTuning>
  <ATSCTuning>
    <frequency>241262</frequency>
  </ATSCTuning>
  <ATSCTuning>
    <frequency>247262</frequency>
  </ATSCTuning>
  <ATSCTuning>
    <frequency>253262</frequency>
  </ATSCTuning>
  <ATSCTuning>
    <frequency>259262</frequency>
  </ATSCTuning>
  <ATSCTuning>
    <frequency>265262</frequency>
  </ATSCTuning>
  <ATSCTuning>
    <frequency>271262</frequency>
  </ATSCTuning>
  <ATSCTuning>
    <frequency>277262</frequency>
  </ATSCTuning>
  <ATSCTuning>
    <frequency>283262</frequency>
  </ATSCTuning>
  <ATSCTuning>
    <frequency>289262</frequency>
  </ATSCTuning>
  <ATSCTuning>
    <frequency>295262</frequency>
  </ATSCTuning>
  <!-- "hyper band", channel 37..64 -->
  <ATSCTuning>
    <frequency>301262</frequency>
  </ATSCTuning>
  <ATSCTuning>
    <frequency>307262</frequency>
  </ATSCTuning>
  <ATSCTuning>
    <frequency>313262</frequency>
  </ATSCTuning>
  <ATSCTuning>
    <frequency>319262</frequency>
  </ATSCTuning>
  <ATSCTuning>
    <frequency>325262</frequency>
  </ATSCTuning>
  <ATSCTuning>
    <frequency>331275</frequency>
  </ATSCTuning>
  <ATSCTuning>
    <frequency>337262</frequency>
  </ATSCTuning>
  <ATSCTuning>
    <frequency>343262</frequency>
  </ATSCTuning>
  <ATSCTuning>
    <frequency>349262</frequency>
  </ATSCTuning>
  <ATSCTuning>
    <frequency>355262</frequency>
  </ATSCTuning>
  <ATSCTuning>
    <frequency>361262</frequency>
  </ATSCTuning>
  <ATSCTuning>
    <frequency>367262</frequency>
  </ATSCTuning>
  <ATSCTuning>
    <frequency>373262</frequency>
  </ATSCTuning>
  <ATSCTuning>
    <frequency>379262</frequency>
  </ATSCTuning>
  <ATSCTuning>
    <frequency>385262</frequency>
  </ATSCTuning>
  <ATSCTuning>
    <frequency>391262</frequency>
  </ATSCTuning>
  <ATSCTuning>
    <frequency>397262</frequency>
  </ATSCTuning>
  <ATSCTuning>
    <frequency>403262</frequency>
  </ATSCTuning>
  <ATSCTuning>
    <frequency>409262</frequency>
  </ATSCTuning>
  <ATSCTuning>
    <frequency>415262</frequency>
  </ATSCTuning>
  <ATSCTuning>
    <frequency>421262</frequency>
  </ATSCTuning>
  <ATSCTuning>
    <frequency>427262</frequency>
  </ATSCTuning>
  <ATSCTuning>
    <frequency>433262</frequency>
  </ATSCTuning>
  <ATSCTuning>
    <frequency>439262</frequency>
  </ATSCTuning>
  <ATSCTuning>
    <frequency>445262</frequency>
  </ATSCTuning>
  <ATSCTuning>
    <frequency>451262</frequency>
  </ATSCTuning>
  <ATSCTuning>
    <frequency>457262</frequency>
  </ATSCTuning>
  <ATSCTuning>
    <frequency>463262</frequency>
  </ATSCTuning>
  <!-- "ultra band", channel 65..94 -->
  <ATSCTuning>
    <frequency>469262</frequency>
  </ATSCTuning>
  <ATSCTuning>
    <frequency>475262</frequency>
  </ATSCTuning>
  <ATSCTuning>
    <frequency>481262</frequency>
  </ATSCTuning>
  <ATSCTuning>
    <frequency>487262</frequency>
  </ATSCTuning>
  <ATSCTuning>
    <frequency>493262</frequency>
  </ATSCTuning>
  <ATSCTuning>
    <frequency>499262</frequency>
  </ATSCTuning>
  <ATSCTuning>
    <frequency>505262</frequency>
  </ATSCTuning>
  <ATSCTuning>
    <frequency>511262</frequency>
  </ATSCTuning>
  <ATSCTuning>
    <frequency>517262</frequency>
  </ATSCTuning>
  <ATSCTuning>
    <frequency>523262</frequency>
  </ATSCTuning>
  <ATSCTuning>
    <frequency>529262</frequency>
  </ATSCTuning>
  <ATSCTuning>
    <frequency>535262</frequency>
  </ATSCTuning>
  <ATSCTuning>
    <frequency>541262</frequency>
  </ATSCTuning>
  <ATSCTuning>
    <frequency>547262</frequency>
  </ATSCTuning>
  <ATSCTuning>
    <frequency>553262</frequency>
  </ATSCTuning>
  <ATSCTuning>
    <frequency>559262</frequency>
  </ATSCTuning>
  <ATSCTuning>
    <frequency>565262</frequency>
  </ATSCTuning>
  <ATSCTuning>
    <frequency>571262</frequency>
  </ATSCTuning>
  <ATSCTuning>
    <frequency>577262</frequency>
  </ATSCTuning>
  <ATSCTuning>
    <frequency>583262</frequency>
  </ATSCTuning>
  <ATSCTuning>
    <frequency>589262</frequency>
  </ATSCTuning>
  <ATSCTuning>
    <frequency>595262</frequency>
  </ATSCTuning>
  <ATSCTuning>
    <frequency>601262</frequency>
  </ATSCTuning>
  <ATSCTuning>
    <frequency>607262</frequency>
  </ATSCTuning>
  <ATSCTuning>
    <frequency>613262</frequency>
  </ATSCTuning>
  <ATSCTuning>
    <frequency>619262</frequency>
  </ATSCTuning>
  <ATSCTuning>
    <frequency>625262</frequency>
  </ATSCTuning>
  <ATSCTuning>
    <frequency>631262</frequency>
  </ATSCTuning>
  <ATSCTuning>
    <frequency>637262</frequency>
  </ATSCTuning>
  <ATSCTuning>
    <frequency>643262</frequency>
  </ATSCTuning>
  <!-- "mid band" part 1, channel 95..99 -->
  <ATSCTuning>
    <frequency>91262</frequency>
  </ATSCTuning>
  <ATSCTuning>
    <frequency>97262</frequency>
  </ATSCTuning>
  <ATSCTuning>
    <frequency>103262</frequency>
  </ATSCTuning>
  <ATSCTuning>
    <frequency>109275</frequency>
  </ATSCTuning>
  <ATSCTuning>
    <frequency>115275</frequency>
  </ATSCTuning>
  <!-- "jumbo band", channel 100..158 -->
  <ATSCTuning>
    <frequency>649262</frequency>
  </ATSCTuning>
  <ATSCTuning>
    <frequency>655262</frequency>
  </ATSCTuning>
  <ATSCTuning>
    <frequency>661262</frequency>
  </ATSCTuning>
  <ATSCTuning>
    <frequency>667262</frequency>
  </ATSCTuning>
  <ATSCTuning>
    <frequency>673262</frequency>
  </ATSCTuning>
  <ATSCTuning>
    <frequency>679262</frequency>
  </ATSCTuning>
  <ATSCTuning>
    <frequency>685262</frequency>
  </ATSCTuning>
  <ATSCTuning>
    <frequency>691262</frequency>
  </ATSCTuning>
  <ATSCTuning>
    <frequency>697262</frequency>
  </ATSCTuning>
  <ATSCTuning>
    <frequency>703262</frequency>
  </ATSCTuning>
  <ATSCTuning>
    <frequency>709262</frequency>
  </ATSCTuning>
  <ATSCTuning>
    <frequency>715262</frequency>
  </ATSCTuning>
  <ATSCTuning>
    <frequency>721262</frequency>
  </ATSCTuning>
  <ATSCTuning>
    <frequency>727262</frequency>
  </ATSCTuning>
  <ATSCTuning>
    <frequency>733262</frequency>
  </ATSCTuning>
  <ATSCTuning>
    <frequency>739262</frequency>
  </ATSCTuning>
  <ATSCTuning>
    <frequency>745262</frequency>
  </ATSCTuning>
  <ATSCTuning>
    <frequency>751262</frequency>
  </ATSCTuning>
  <ATSCTuning>
    <frequency>757262</frequency>
  </ATSCTuning>
  <ATSCTuning>
    <frequency>763262</frequency>
  </ATSCTuning>
  <ATSCTuning>
    <frequency>769262</frequency>
  </ATSCTuning>
  <ATSCTuning>
    <frequency>775262</frequency>
  </ATSCTuning>
  <ATSCTuning>
    <frequency>781262</frequency>
  </ATSCTuning>
  <ATSCTuning>
    <frequency>787262</frequency>
  </ATSCTuning>
  <ATSCTuning>
    <frequency>793262</frequency>
  </ATSCTuning>
  <ATSCTuning>
    <frequency>799262</frequency>
  </ATSCTuning>
  <ATSCTuning>
    <frequency>805262</frequency>
  </ATSCTuning>
  <ATSCTuning>
    <frequency>811262</frequency>
  </ATSCTuning>
  <ATSCTuning>
    <frequency>817262</frequency>
  </ATSCTuning>
  <ATSCTuning>
    <frequency>823262</frequency>
  </ATSCTuning>
  <ATSCTuning>
    <frequency>829262</frequency>
  </ATSCTuning>
  <ATSCTuning>
    <frequency>835262</frequency>
  </ATSCTuning>
  <ATSCTuning>
    <frequency>841262</frequency>
  </ATSCTuning>
  <ATSCTuning>
    <frequency>847262</frequency>
  </ATSCTuning>
  <ATSCTuning>
    <frequency>853262</frequency>
  </ATSCTuning>
  <ATSCTuning>
    <frequency>859262</frequency>
  </ATSCTuning>
  <ATSCTuning>
    <frequency>865262</frequency>
  </ATSCTuning>
  <ATSCTuning>
    <frequency>871262</frequency>
  </ATSCTuning>
  <ATSCTuning>
    <frequency>877262</frequency>
  </ATSCTuning>
  <ATSCTuning>
    <frequency>883262</frequency>
  </ATSCTuning>
  <ATSCTuning>
    <frequency>889262</frequency>
  </ATSCTuning>
  <ATSCTuning>
    <frequency>895262</frequency>
  </ATSCTuning>
  <ATSCTuning>
    <frequency>901262</frequency>
  </ATSCTuning>
  <ATSCTuning>
    <frequency>907262</frequency>
  </ATSCTuning>
  <ATSCTuning>
    <frequency>913262</frequency>
  </ATSCTuning>
  <ATSCTuning>
    <frequency>919262</frequency>
  </ATSCTuning>
  <ATSCTuning>
    <frequency>925262</frequency>
  </ATSCTuning>
  <ATSCTuning>
    <frequency>931262</frequency>
  </ATSCTuning>
  <ATSCTuning>
    <frequency>937262</frequency>
  </ATSCTuning>
  <ATSCTuning>
    <frequency>943262</frequency>
  </ATSCTuning>
  <ATSCTuning>
    <frequency>949262</frequency>
  </ATSCTuning>
  <ATSCTuning>
    <frequency>955262</frequency>
  </ATSCTuning>
  <ATSCTuning>
    <frequency>961262</frequency>
  </ATSCTuning>
  <ATSCTuning>
    <frequency>967262</frequency>
  </ATSCTuning>
  <ATSCTuning>
    <frequency>973262</frequency>
  </ATSCTuning>
  <ATSCTuning>
    <frequency>979262</frequency>
  </ATSCTuning>
  <ATSCTuning>
    <frequency>985262</frequency>
  </ATSCTuning>
  <ATSCTuning>
    <frequency>991262</frequency>
  </ATSCTuning>
  <ATSCTuning>
    <frequency>997262</frequency>
  </ATSCTuning>
</ArrayOfATSCTuning>