<?xml version="1.0" encoding="utf-8"?>
<ArrayOfATSCTuning xmlns:xsi="http://www.w3.org/2001/XMLSchema-instance" xmlns:xsd="http://www.w3.org/2001/XMLSchema">
  <!-- "low band", channel 1..6 -->
  <ATSCTuning>
    <frequency>75004</frequency>
  </ATSCTuning>
  <ATSCTuning>
    <frequency>57003</frequency>
  </ATSCTuning>
  <ATSCTuning>
    <frequency>63003</frequency>
  </ATSCTuning>
  <ATSCTuning>
    <frequency>69003</frequency>
  </ATSCTuning>
  <ATSCTuning>
    <frequency>81004</frequency>
  </ATSCTuning>
  <ATSCTuning>
    <frequency>87004</frequency>
  </ATSCTuning>
  <!-- "high band", channel 7..13 -->
  <ATSCTuning>
    <frequency>177009</frequency>
  </ATSCTuning>
  <ATSCTuning>
    <frequency>183009</frequency>
  </ATSCTuning>
  <ATSCTuning>
    <frequency>189009</frequency>
  </ATSCTuning>
  <ATSCTuning>
    <frequency>195010</frequency>
  </ATSCTuning>
  <ATSCTuning>
    <frequency>201010</frequency>
  </ATSCTuning>
  <ATSCTuning>
    <frequency>207010</frequency>
  </ATSCTuning>
  <ATSCTuning>
    <frequency>213011</frequency>
  </ATSCTuning>
  <!-- "mid band" part 2, channel 14..22 -->
  <ATSCTuning>
    <frequency>123006</frequency>
  </ATSCTuning>
  <ATSCTuning>
    <frequency>129006</frequency>
  </ATSCTuning>
  <ATSCTuning>
    <frequency>135007</frequency>
  </ATSCTuning>
  <ATSCTuning>
    <frequency>141007</frequency>
  </ATSCTuning>
  <ATSCTuning>
    <frequency>147007</frequency>
  </ATSCTuning>
  <ATSCTuning>
    <frequency>153008</frequency>
  </ATSCTuning>
  <ATSCTuning>
    <frequency>159008</frequency>
  </ATSCTuning>
  <ATSCTuning>
    <frequency>165008</frequency>
  </ATSCTuning>
  <ATSCTuning>
    <frequency>171008</frequency>
  </ATSCTuning>
  <!-- "super band", channel 23..36 -->
  <ATSCTuning>
    <frequency>219011</frequency>
  </ATSCTuning>
  <ATSCTuning>
    <frequency>225011</frequency>
  </ATSCTuning>
  <ATSCTuning>
    <frequency>231011</frequency>
  </ATSCTuning>
  <ATSCTuning>
    <frequency>237012</frequency>
  </ATSCTuning>
  <ATSCTuning>
    <frequency>243012</frequency>
  </ATSCTuning>
  <ATSCTuning>
    <frequency>249012</frequency>
  </ATSCTuning>
  <ATSCTuning>
    <frequency>255013</frequency>
  </ATSCTuning>
  <ATSCTuning>
    <frequency>261013</frequency>
  </ATSCTuning>
  <ATSCTuning>
    <frequency>267013</frequency>
  </ATSCTuning>
  <ATSCTuning>
    <frequency>273014</frequency>
  </ATSCTuning>
  <ATSCTuning>
    <frequency>279014</frequency>
  </ATSCTuning>
  <ATSCTuning>
    <frequency>285014</frequency>
  </ATSCTuning>
  <ATSCTuning>
    <frequency>291014</frequency>
  </ATSCTuning>
  <ATSCTuning>
    <frequency>297015</frequency>
  </ATSCTuning>
  <!-- "hyper band", channel 37..64 -->
  <ATSCTuning>
    <frequency>303015</frequency>
  </ATSCTuning>
  <ATSCTuning>
    <frequency>309015</frequency>
  </ATSCTuning>
  <ATSCTuning>
    <frequency>315016</frequency>
  </ATSCTuning>
  <ATSCTuning>
    <frequency>321016</frequency>
  </ATSCTuning>
  <ATSCTuning>
    <frequency>327016</frequency>
  </ATSCTuning>
  <ATSCTuning>
    <frequency>333016</frequency>
  </ATSCTuning>
  <ATSCTuning>
    <frequency>339017</frequency>
  </ATSCTuning>
  <ATSCTuning>
    <frequency>345017</frequency>
  </ATSCTuning>
  <ATSCTuning>
    <frequency>351017</frequency>
  </ATSCTuning>
  <ATSCTuning>
    <frequency>357018</frequency>
  </ATSCTuning>
  <ATSCTuning>
    <frequency>363018</frequency>
  </ATSCTuning>
  <ATSCTuning>
    <frequency>369018</frequency>
  </ATSCTuning>
  <ATSCTuning>
    <frequency>375019</frequency>
  </ATSCTuning>
  <ATSCTuning>
    <frequency>381019</frequency>
  </ATSCTuning>
  <ATSCTuning>
    <frequency>387019</frequency>
  </ATSCTuning>
  <ATSCTuning>
    <frequency>393019</frequency>
  </ATSCTuning>
  <ATSCTuning>
    <frequency>399020</frequency>
  </ATSCTuning>
  <ATSCTuning>
    <frequency>405020</frequency>
  </ATSCTuning>
  <ATSCTuning>
    <frequency>411020</frequency>
  </ATSCTuning>
  <ATSCTuning>
    <frequency>417021</frequency>
  </ATSCTuning>
  <ATSCTuning>
    <frequency>423021</frequency>
  </ATSCTuning>
  <ATSCTuning>
    <frequency>429021</frequency>
  </ATSCTuning>
  <ATSCTuning>
    <frequency>435022</frequency>
  </ATSCTuning>
  <ATSCTuning>
    <frequency>441022</frequency>
  </ATSCTuning>
  <ATSCTuning>
    <frequency>447022</frequency>
  </ATSCTuning>
  <ATSCTuning>
    <frequency>453022</frequency>
  </ATSCTuning>
  <ATSCTuning>
    <frequency>459023</frequency>
  </ATSCTuning>
  <ATSCTuning>
    <frequency>465023</frequency>
  </ATSCTuning>
  <!-- "ultra band", channel 65..94 -->
  <ATSCTuning>
    <frequency>471023</frequency>
  </ATSCTuning>
  <ATSCTuning>
    <frequency>477024</frequency>
  </ATSCTuning>
  <ATSCTuning>
    <frequency>483024</frequency>
  </ATSCTuning>
  <ATSCTuning>
    <frequency>489024</frequency>
  </ATSCTuning>
  <ATSCTuning>
    <frequency>495025</frequency>
  </ATSCTuning>
  <ATSCTuning>
    <frequency>501025</frequency>
  </ATSCTuning>
  <ATSCTuning>
    <frequency>507025</frequency>
  </ATSCTuning>
  <ATSCTuning>
    <frequency>513025</frequency>
  </ATSCTuning>
  <ATSCTuning>
    <frequency>519026</frequency>
  </ATSCTuning>
  <ATSCTuning>
    <frequency>525026</frequency>
  </ATSCTuning>
  <ATSCTuning>
    <frequency>531026</frequency>
  </ATSCTuning>
  <ATSCTuning>
    <frequency>537027</frequency>
  </ATSCTuning>
  <ATSCTuning>
    <frequency>543027</frequency>
  </ATSCTuning>
  <ATSCTuning>
    <frequency>549027</frequency>
  </ATSCTuning>
  <ATSCTuning>
    <frequency>555028</frequency>
  </ATSCTuning>
  <ATSCTuning>
    <frequency>561028</frequency>
  </ATSCTuning>
  <ATSCTuning>
    <frequency>567028</frequency>
  </ATSCTuning>
  <ATSCTuning>
    <frequency>573028</frequency>
  </ATSCTuning>
  <ATSCTuning>
    <frequency>579029</frequency>
  </ATSCTuning>
  <ATSCTuning>
    <frequency>585029</frequency>
  </ATSCTuning>
  <ATSCTuning>
    <frequency>591029</frequency>
  </ATSCTuning>
  <ATSCTuning>
    <frequency>597030</frequency>
  </ATSCTuning>
  <ATSCTuning>
    <frequency>603030</frequency>
  </ATSCTuning>
  <ATSCTuning>
    <frequency>609030</frequency>
  </ATSCTuning>
  <ATSCTuning>
    <frequency>615031</frequency>
  </ATSCTuning>
  <ATSCTuning>
    <frequency>621031</frequency>
  </ATSCTuning>
  <ATSCTuning>
    <frequency>627031</frequency>
  </ATSCTuning>
  <ATSCTuning>
    <frequency>633032</frequency>
  </ATSCTuning>
  <ATSCTuning>
    <frequency>639032</frequency>
  </ATSCTuning>
  <ATSCTuning>
    <frequency>645032</frequency>
  </ATSCTuning>
  <!-- "mid band" part 1, channel 95..99 -->
  <ATSCTuning>
    <frequency>93005</frequency>
  </ATSCTuning>
  <ATSCTuning>
    <frequency>99005</frequency>
  </ATSCTuning>
  <ATSCTuning>
    <frequency>105005</frequency>
  </ATSCTuning>
  <ATSCTuning>
    <frequency>111005</frequency>
  </ATSCTuning>
  <ATSCTuning>
    <frequency>117006</frequency>
  </ATSCTuning>
  <!-- "jumbo band", channel 100..158 -->
  <ATSCTuning>
    <frequency>651032</frequency>
  </ATSCTuning>
  <ATSCTuning>
    <frequency>657033</frequency>
  </ATSCTuning>
  <ATSCTuning>
    <frequency>663033</frequency>
  </ATSCTuning>
  <ATSCTuning>
    <frequency>669033</frequency>
  </ATSCTuning>
  <ATSCTuning>
    <frequency>675034</frequency>
  </ATSCTuning>
  <ATSCTuning>
    <frequency>681034</frequency>
  </ATSCTuning>
  <ATSCTuning>
    <frequency>687034</frequency>
  </ATSCTuning>
  <ATSCTuning>
    <frequency>693035</frequency>
  </ATSCTuning>
  <ATSCTuning>
    <frequency>699035</frequency>
  </ATSCTuning>
  <ATSCTuning>
    <frequency>705035</frequency>
  </ATSCTuning>
  <ATSCTuning>
    <frequency>711035</frequency>
  </ATSCTuning>
  <ATSCTuning>
    <frequency>717036</frequency>
  </ATSCTuning>
  <ATSCTuning>
    <frequency>723036</frequency>
  </ATSCTuning>
  <ATSCTuning>
    <frequency>729036</frequency>
  </ATSCTuning>
  <ATSCTuning>
    <frequency>735037</frequency>
  </ATSCTuning>
  <ATSCTuning>
    <frequency>741037</frequency>
  </ATSCTuning>
  <ATSCTuning>
    <frequency>747037</frequency>
  </ATSCTuning>
  <ATSCTuning>
    <frequency>753038</frequency>
  </ATSCTuning>
  <ATSCTuning>
    <frequency>759038</frequency>
  </ATSCTuning>
  <ATSCTuning>
    <frequency>765038</frequency>
  </ATSCTuning>
  <ATSCTuning>
    <frequency>771038</frequency>
  </ATSCTuning>
  <ATSCTuning>
    <frequency>777039</frequency>
  </ATSCTuning>
  <ATSCTuning>
    <frequency>783039</frequency>
  </ATSCTuning>
  <ATSCTuning>
    <frequency>789039</frequency>
  </ATSCTuning>
  <ATSCTuning>
    <frequency>795040</frequency>
  </ATSCTuning>
  <ATSCTuning>
    <frequency>801040</frequency>
  </ATSCTuning>
  <ATSCTuning>
    <frequency>807040</frequency>
  </ATSCTuning>
  <ATSCTuning>
    <frequency>813041</frequency>
  </ATSCTuning>
  <ATSCTuning>
    <frequency>819041</frequency>
  </ATSCTuning>
  <ATSCTuning>
    <frequency>825041</frequency>
  </ATSCTuning>
  <ATSCTuning>
    <frequency>831041</frequency>
  </ATSCTuning>
  <ATSCTuning>
    <frequency>837042</frequency>
  </ATSCTuning>
  <ATSCTuning>
    <frequency>843042</frequency>
  </ATSCTuning>
  <ATSCTuning>
    <frequency>849042</frequency>
  </ATSCTuning>
  <ATSCTuning>
    <frequency>855043</frequency>
  </ATSCTuning>
  <ATSCTuning>
    <frequency>861043</frequency>
  </ATSCTuning>
  <ATSCTuning>
    <frequency>867043</frequency>
  </ATSCTuning>
  <ATSCTuning>
    <frequency>873044</frequency>
  </ATSCTuning>
  <ATSCTuning>
    <frequency>879044</frequency>
  </ATSCTuning>
  <ATSCTuning>
    <frequency>885044</frequency>
  </ATSCTuning>
  <ATSCTuning>
    <frequency>891044</frequency>
  </ATSCTuning>
  <ATSCTuning>
    <frequency>897045</frequency>
  </ATSCTuning>
  <ATSCTuning>
    <frequency>903045</frequency>
  </ATSCTuning>
  <ATSCTuning>
    <frequency>909045</frequency>
  </ATSCTuning>
  <ATSCTuning>
    <frequency>915046</frequency>
  </ATSCTuning>
  <ATSCTuning>
    <frequency>921046</frequency>
  </ATSCTuning>
  <ATSCTuning>
    <frequency>927046</frequency>
  </ATSCTuning>
  <ATSCTuning>
    <frequency>933047</frequency>
  </ATSCTuning>
  <ATSCTuning>
    <frequency>939047</frequency>
  </ATSCTuning>
  <ATSCTuning>
    <frequency>945047</frequency>
  </ATSCTuning>
  <ATSCTuning>
    <frequency>951047</frequency>
  </ATSCTuning>
  <ATSCTuning>
    <frequency>957048</frequency>
  </ATSCTuning>
  <ATSCTuning>
    <frequency>963048</frequency>
  </ATSCTuning>
  <ATSCTuning>
    <frequency>969048</frequency>
  </ATSCTuning>
  <ATSCTuning>
    <frequency>975049</frequency>
  </ATSCTuning>
  <ATSCTuning>
    <frequency>981049</frequency>
  </ATSCTuning>
  <ATSCTuning>
    <frequency>987049</frequency>
  </ATSCTuning>
  <ATSCTuning>
    <frequency>993050</frequency>
  </ATSCTuning>
  <ATSCTuning>
    <frequency>999050</frequency>
  </ATSCTuning>
</ArrayOfATSCTuning>