<?xml version="1.0" encoding="utf-8"?>
<ArrayOfDVBTTuning xmlns:xsi="http://www.w3.org/2001/XMLSchema-instance" xmlns:xsd="http://www.w3.org/2001/XMLSchema">
  <DVBTTuning>
    <Frequency>585625</Frequency>
    <Bandwidth>7000</Bandwidth>
    <Offset>125</Offset>
    <CellId>0</CellId>
    <CellIdExtension>0</CellIdExtension>
    <IsDvbT2>False</IsDvbT2>
  </DVBTTuning>
  <DVBTTuning>
    <Frequency>634625</Frequency>
    <Bandwidth>7000</Bandwidth>
    <Offset>125</Offset>
    <CellId>0</CellId>
    <CellIdExtension>0</CellIdExtension>
    <IsDvbT2>False</IsDvbT2>
  </DVBTTuning>
  <DVBTTuning>
    <Frequency>704625</Frequency>
    <Bandwidth>7000</Bandwidth>
    <Offset>125</Offset>
    <CellId>0</CellId>
    <CellIdExtension>0</CellIdExtension>
    <IsDvbT2>False</IsDvbT2>
  </DVBTTuning>
  <DVBTTuning>
    <Frequency>725625</Frequency>
    <Bandwidth>7000</Bandwidth>
    <Offset>125</Offset>
    <CellId>0</CellId>
    <CellIdExtension>0</CellIdExtension>
    <IsDvbT2>False</IsDvbT2>
  </DVBTTuning>
  <DVBTTuning>
    <Frequency>746625</Frequency>
    <Bandwidth>7000</Bandwidth>
    <Offset>125</Offset>
    <CellId>0</CellId>
    <CellIdExtension>0</CellIdExtension>
    <IsDvbT2>False</IsDvbT2>
  </DVBTTuning>
  <DVBTTuning>
    <Frequency>767625</Frequency>
    <Bandwidth>7000</Bandwidth>
    <Offset>125</Offset>
    <CellId>0</CellId>
    <CellIdExtension>0</CellIdExtension>
    <IsDvbT2>False</IsDvbT2>
  </DVBTTuning>
  <DVBTTuning>
    <Frequency>788625</Frequency>
    <Bandwidth>7000</Bandwidth>
    <Offset>125</Offset>
    <CellId>0</CellId>
    <CellIdExtension>0</CellIdExtension>
    <IsDvbT2>False</IsDvbT2>
  </DVBTTuning>
  <DVBTTuning>
    <Frequency>809625</Frequency>
    <Bandwidth>7000</Bandwidth>
    <Offset>125</Offset>
    <CellId>0</CellId>
    <CellIdExtension>0</CellIdExtension>
    <IsDvbT2>False</IsDvbT2>
  </DVBTTuning>
</ArrayOfDVBTTuning>