<?xml version="1.0" encoding="utf-8"?>
<ArrayOfDVBTTuning xmlns:xsi="http://www.w3.org/2001/XMLSchema-instance" xmlns:xsd="http://www.w3.org/2001/XMLSchema">
  <DVBTTuning>
    <Frequency>642000</Frequency>
    <Bandwidth>8000</Bandwidth>
    <Offset>0</Offset>
    <CellId>0</CellId>
    <CellIdExtension>0</CellIdExtension>
    <IsDvbT2>False</IsDvbT2>
  </DVBTTuning>
  <DVBTTuning>
    <Frequency>706000</Frequency>
    <Bandwidth>8000</Bandwidth>
    <Offset>0</Offset>
    <CellId>0</CellId>
    <CellIdExtension>0</CellIdExtension>
    <IsDvbT2>False</IsDvbT2>
  </DVBTTuning>
  <DVBTTuning>
    <Frequency>730000</Frequency>
    <Bandwidth>8000</Bandwidth>
    <Offset>0</Offset>
    <CellId>0</CellId>
    <CellIdExtension>0</CellIdExtension>
    <IsDvbT2>False</IsDvbT2>
  </DVBTTuning>
  <DVBTTuning>
    <Frequency>770000</Frequency>
    <Bandwidth>8000</Bandwidth>
    <Offset>0</Offset>
    <CellId>0</CellId>
    <CellIdExtension>0</CellIdExtension>
    <IsDvbT2>False</IsDvbT2>
  </DVBTTuning>
  <DVBTTuning>
    <Frequency>818000</Frequency>
    <Bandwidth>8000</Bandwidth>
    <Offset>0</Offset>
    <CellId>0</CellId>
    <CellIdExtension>0</CellIdExtension>
    <IsDvbT2>False</IsDvbT2>
  </DVBTTuning>
  <DVBTTuning>
    <Frequency>834000</Frequency>
    <Bandwidth>8000</Bandwidth>
    <Offset>0</Offset>
    <CellId>0</CellId>
    <CellIdExtension>0</CellIdExtension>
    <IsDvbT2>False</IsDvbT2>
  </DVBTTuning>
  <DVBTTuning>
    <Frequency>842000</Frequency>
    <Bandwidth>8000</Bandwidth>
    <Offset>0</Offset>
    <CellId>0</CellId>
    <CellIdExtension>0</CellIdExtension>
    <IsDvbT2>False</IsDvbT2>
  </DVBTTuning>
  <DVBTTuning>
    <Frequency>850000</Frequency>
    <Bandwidth>8000</Bandwidth>
    <Offset>0</Offset>
    <CellId>0</CellId>
    <CellIdExtension>0</CellIdExtension>
    <IsDvbT2>False</IsDvbT2>
  </DVBTTuning>
  <DVBTTuning>
    <Frequency>858000</Frequency>
    <Bandwidth>8000</Bandwidth>
    <Offset>0</Offset>
    <CellId>0</CellId>
    <CellIdExtension>0</CellIdExtension>
    <IsDvbT2>False</IsDvbT2>
  </DVBTTuning>
</ArrayOfDVBTTuning>