<?xml version="1.0" encoding="utf-8"?>
<ArrayOfDVBTTuning xmlns:xsi="http://www.w3.org/2001/XMLSchema-instance" xmlns:xsd="http://www.w3.org/2001/XMLSchema">
  <DVBTTuning>
    <Frequency>610000</Frequency>
    <Bandwidth>8000</Bandwidth>
    <Offset>0</Offset>
    <CellId>0</CellId>
    <CellIdExtension>0</CellIdExtension>
    <IsDvbT2>False</IsDvbT2>
  </DVBTTuning>
  <DVBTTuning>
    <Frequency>658000</Frequency>
    <Bandwidth>8000</Bandwidth>
    <Offset>0</Offset>
    <CellId>0</CellId>
    <CellIdExtension>0</CellIdExtension>
    <IsDvbT2>False</IsDvbT2>
  </DVBTTuning>
  <DVBTTuning>
    <Frequency>474000</Frequency>
    <Bandwidth>8000</Bandwidth>
    <Offset>0</Offset>
    <CellId>0</CellId>
    <CellIdExtension>0</CellIdExtension>
    <IsDvbT2>False</IsDvbT2>
  </DVBTTuning>
</ArrayOfDVBTTuning>