<?xml version="1.0" encoding="utf-8"?>
<ArrayOfDVBCTuning xmlns:xsi="http://www.w3.org/2001/XMLSchema-instance" xmlns:xsd="http://www.w3.org/2001/XMLSchema">
  <DVBCTuning>
    <Frequency>129000</Frequency>
    <ModulationType>Mod256Qam</ModulationType>
    <SymbolRate>5217</SymbolRate>
  </DVBCTuning>
  <DVBCTuning>
    <Frequency>477000</Frequency>
    <ModulationType>Mod256Qam</ModulationType>
    <SymbolRate>5217</SymbolRate>
  </DVBCTuning>
  <DVBCTuning>
    <Frequency>483000</Frequency>
    <ModulationType>Mod256Qam</ModulationType>
    <SymbolRate>5217</SymbolRate>
  </DVBCTuning>
  <DVBCTuning>
    <Frequency>489000</Frequency>
    <ModulationType>Mod256Qam</ModulationType>
    <SymbolRate>5217</SymbolRate>
  </DVBCTuning>
  <DVBCTuning>
    <Frequency>519000</Frequency>
    <ModulationType>Mod256Qam</ModulationType>
    <SymbolRate>5217</SymbolRate>
  </DVBCTuning>
  <DVBCTuning>
    <Frequency>525000</Frequency>
    <ModulationType>Mod256Qam</ModulationType>
    <SymbolRate>5217</SymbolRate>
  </DVBCTuning>
  <DVBCTuning>
    <Frequency>549000</Frequency>
    <ModulationType>Mod256Qam</ModulationType>
    <SymbolRate>5217</SymbolRate>
  </DVBCTuning>
  <DVBCTuning>
    <Frequency>555000</Frequency>
    <ModulationType>Mod256Qam</ModulationType>
    <SymbolRate>5217</SymbolRate>
  </DVBCTuning>
</ArrayOfDVBCTuning>