<?xml version="1.0" encoding="utf-8"?>
<ArrayOfDVBCTuning xmlns:xsi="http://www.w3.org/2001/XMLSchema-instance" xmlns:xsd="http://www.w3.org/2001/XMLSchema">
  <DVBCTuning>
    <Frequency>115125</Frequency>
    <ModulationType>Mod64Qam</ModulationType>
    <SymbolRate>6875</SymbolRate>
  </DVBCTuning>
  <DVBCTuning>
    <Frequency>123125</Frequency>
    <ModulationType>Mod64Qam</ModulationType>
    <SymbolRate>6875</SymbolRate>
  </DVBCTuning>
  <DVBCTuning>
    <Frequency>131125</Frequency>
    <ModulationType>Mod64Qam</ModulationType>
    <SymbolRate>6875</SymbolRate>
  </DVBCTuning>
  <DVBCTuning>
    <Frequency>139125</Frequency>
    <ModulationType>Mod64Qam</ModulationType>
    <SymbolRate>6875</SymbolRate>
  </DVBCTuning>
  <DVBCTuning>
    <Frequency>147125</Frequency>
    <ModulationType>Mod64Qam</ModulationType>
    <SymbolRate>6875</SymbolRate>
  </DVBCTuning>
  <DVBCTuning>
    <Frequency>155125</Frequency>
    <ModulationType>Mod64Qam</ModulationType>
    <SymbolRate>6875</SymbolRate>
  </DVBCTuning>
  <DVBCTuning>
    <Frequency>163125</Frequency>
    <ModulationType>Mod64Qam</ModulationType>
    <SymbolRate>6875</SymbolRate>
  </DVBCTuning>
  <DVBCTuning>
    <Frequency>171125</Frequency>
    <ModulationType>Mod64Qam</ModulationType>
    <SymbolRate>6875</SymbolRate>
  </DVBCTuning>
  <DVBCTuning>
    <Frequency>179125</Frequency>
    <ModulationType>Mod64Qam</ModulationType>
    <SymbolRate>6875</SymbolRate>
  </DVBCTuning>
  <DVBCTuning>
    <Frequency>187125</Frequency>
    <ModulationType>Mod64Qam</ModulationType>
    <SymbolRate>6875</SymbolRate>
  </DVBCTuning>
  <DVBCTuning>
    <Frequency>195125</Frequency>
    <ModulationType>Mod64Qam</ModulationType>
    <SymbolRate>6875</SymbolRate>
  </DVBCTuning>
  <DVBCTuning>
    <Frequency>203125</Frequency>
    <ModulationType>Mod64Qam</ModulationType>
    <SymbolRate>6875</SymbolRate>
  </DVBCTuning>
  <DVBCTuning>
    <Frequency>211125</Frequency>
    <ModulationType>Mod64Qam</ModulationType>
    <SymbolRate>6875</SymbolRate>
  </DVBCTuning>
  <DVBCTuning>
    <Frequency>219125</Frequency>
    <ModulationType>Mod64Qam</ModulationType>
    <SymbolRate>6875</SymbolRate>
  </DVBCTuning>
  <DVBCTuning>
    <Frequency>227125</Frequency>
    <ModulationType>Mod64Qam</ModulationType>
    <SymbolRate>6875</SymbolRate>
  </DVBCTuning>
  <DVBCTuning>
    <Frequency>235125</Frequency>
    <ModulationType>Mod64Qam</ModulationType>
    <SymbolRate>6875</SymbolRate>
  </DVBCTuning>
  <DVBCTuning>
    <Frequency>243125</Frequency>
    <ModulationType>Mod64Qam</ModulationType>
    <SymbolRate>6875</SymbolRate>
  </DVBCTuning>
  <DVBCTuning>
    <Frequency>251125</Frequency>
    <ModulationType>Mod64Qam</ModulationType>
    <SymbolRate>6875</SymbolRate>
  </DVBCTuning>
  <DVBCTuning>
    <Frequency>259125</Frequency>
    <ModulationType>Mod64Qam</ModulationType>
    <SymbolRate>6875</SymbolRate>
  </DVBCTuning>
  <DVBCTuning>
    <Frequency>267125</Frequency>
    <ModulationType>Mod64Qam</ModulationType>
    <SymbolRate>6875</SymbolRate>
  </DVBCTuning>
  <DVBCTuning>
    <Frequency>275125</Frequency>
    <ModulationType>Mod64Qam</ModulationType>
    <SymbolRate>6875</SymbolRate>
  </DVBCTuning>
  <DVBCTuning>
    <Frequency>283125</Frequency>
    <ModulationType>Mod64Qam</ModulationType>
    <SymbolRate>6875</SymbolRate>
  </DVBCTuning>
  <DVBCTuning>
    <Frequency>291125</Frequency>
    <ModulationType>Mod64Qam</ModulationType>
    <SymbolRate>6875</SymbolRate>
  </DVBCTuning>
  <DVBCTuning>
    <Frequency>299125</Frequency>
    <ModulationType>Mod64Qam</ModulationType>
    <SymbolRate>6875</SymbolRate>
  </DVBCTuning>
  <DVBCTuning>
    <Frequency>307125</Frequency>
    <ModulationType>Mod64Qam</ModulationType>
    <SymbolRate>6875</SymbolRate>
  </DVBCTuning>
  <DVBCTuning>
    <Frequency>315125</Frequency>
    <ModulationType>Mod64Qam</ModulationType>
    <SymbolRate>6875</SymbolRate>
  </DVBCTuning>
  <DVBCTuning>
    <Frequency>323125</Frequency>
    <ModulationType>Mod64Qam</ModulationType>
    <SymbolRate>6875</SymbolRate>
  </DVBCTuning>
  <DVBCTuning>
    <Frequency>331125</Frequency>
    <ModulationType>Mod64Qam</ModulationType>
    <SymbolRate>6875</SymbolRate>
  </DVBCTuning>
  <DVBCTuning>
    <Frequency>339125</Frequency>
    <ModulationType>Mod64Qam</ModulationType>
    <SymbolRate>6875</SymbolRate>
  </DVBCTuning>
  <DVBCTuning>
    <Frequency>347125</Frequency>
    <ModulationType>Mod64Qam</ModulationType>
    <SymbolRate>6875</SymbolRate>
  </DVBCTuning>
  <DVBCTuning>
    <Frequency>355125</Frequency>
    <ModulationType>Mod64Qam</ModulationType>
    <SymbolRate>6875</SymbolRate>
  </DVBCTuning>
  <DVBCTuning>
    <Frequency>363125</Frequency>
    <ModulationType>Mod64Qam</ModulationType>
    <SymbolRate>6875</SymbolRate>
  </DVBCTuning>
  <DVBCTuning>
    <Frequency>371125</Frequency>
    <ModulationType>Mod64Qam</ModulationType>
    <SymbolRate>6875</SymbolRate>
  </DVBCTuning>
  <DVBCTuning>
    <Frequency>379125</Frequency>
    <ModulationType>Mod64Qam</ModulationType>
    <SymbolRate>6875</SymbolRate>
  </DVBCTuning>
  <DVBCTuning>
    <Frequency>387125</Frequency>
    <ModulationType>Mod64Qam</ModulationType>
    <SymbolRate>6875</SymbolRate>
  </DVBCTuning>
  <DVBCTuning>
    <Frequency>395125</Frequency>
    <ModulationType>Mod64Qam</ModulationType>
    <SymbolRate>6875</SymbolRate>
  </DVBCTuning>
  <DVBCTuning>
    <Frequency>403125</Frequency>
    <ModulationType>Mod64Qam</ModulationType>
    <SymbolRate>6875</SymbolRate>
  </DVBCTuning>
  <DVBCTuning>
    <Frequency>411125</Frequency>
    <ModulationType>Mod64Qam</ModulationType>
    <SymbolRate>6875</SymbolRate>
  </DVBCTuning>
  <DVBCTuning>
    <Frequency>419125</Frequency>
    <ModulationType>Mod64Qam</ModulationType>
    <SymbolRate>6875</SymbolRate>
  </DVBCTuning>
  <DVBCTuning>
    <Frequency>427125</Frequency>
    <ModulationType>Mod64Qam</ModulationType>
    <SymbolRate>6875</SymbolRate>
  </DVBCTuning>
  <DVBCTuning>
    <Frequency>435125</Frequency>
    <ModulationType>Mod64Qam</ModulationType>
    <SymbolRate>6875</SymbolRate>
  </DVBCTuning>
  <DVBCTuning>
    <Frequency>443125</Frequency>
    <ModulationType>Mod64Qam</ModulationType>
    <SymbolRate>6875</SymbolRate>
  </DVBCTuning>
  <DVBCTuning>
    <Frequency>451125</Frequency>
    <ModulationType>Mod64Qam</ModulationType>
    <SymbolRate>6875</SymbolRate>
  </DVBCTuning>
  <DVBCTuning>
    <Frequency>459125</Frequency>
    <ModulationType>Mod64Qam</ModulationType>
    <SymbolRate>6875</SymbolRate>
  </DVBCTuning>
  <DVBCTuning>
    <Frequency>467125</Frequency>
    <ModulationType>Mod64Qam</ModulationType>
    <SymbolRate>6875</SymbolRate>
  </DVBCTuning>
  <DVBCTuning>
    <Frequency>474375</Frequency>
    <ModulationType>Mod64Qam</ModulationType>
    <SymbolRate>6875</SymbolRate>
  </DVBCTuning>
  <DVBCTuning>
    <Frequency>482375</Frequency>
    <ModulationType>Mod64Qam</ModulationType>
    <SymbolRate>6875</SymbolRate>
  </DVBCTuning>
  <DVBCTuning>
    <Frequency>490375</Frequency>
    <ModulationType>Mod64Qam</ModulationType>
    <SymbolRate>6875</SymbolRate>
  </DVBCTuning>
  <DVBCTuning>
    <Frequency>498375</Frequency>
    <ModulationType>Mod64Qam</ModulationType>
    <SymbolRate>6875</SymbolRate>
  </DVBCTuning>
  <DVBCTuning>
    <Frequency>506375</Frequency>
    <ModulationType>Mod64Qam</ModulationType>
    <SymbolRate>6875</SymbolRate>
  </DVBCTuning>
  <DVBCTuning>
    <Frequency>514375</Frequency>
    <ModulationType>Mod64Qam</ModulationType>
    <SymbolRate>6875</SymbolRate>
  </DVBCTuning>
  <DVBCTuning>
    <Frequency>522375</Frequency>
    <ModulationType>Mod64Qam</ModulationType>
    <SymbolRate>6875</SymbolRate>
  </DVBCTuning>
  <DVBCTuning>
    <Frequency>530375</Frequency>
    <ModulationType>Mod64Qam</ModulationType>
    <SymbolRate>6875</SymbolRate>
  </DVBCTuning>
  <DVBCTuning>
    <Frequency>538375</Frequency>
    <ModulationType>Mod64Qam</ModulationType>
    <SymbolRate>6875</SymbolRate>
  </DVBCTuning>
  <DVBCTuning>
    <Frequency>546375</Frequency>
    <ModulationType>Mod64Qam</ModulationType>
    <SymbolRate>6875</SymbolRate>
  </DVBCTuning>
  <DVBCTuning>
    <Frequency>554375</Frequency>
    <ModulationType>Mod64Qam</ModulationType>
    <SymbolRate>6875</SymbolRate>
  </DVBCTuning>
  <DVBCTuning>
    <Frequency>562375</Frequency>
    <ModulationType>Mod64Qam</ModulationType>
    <SymbolRate>6875</SymbolRate>
  </DVBCTuning>
  <DVBCTuning>
    <Frequency>570375</Frequency>
    <ModulationType>Mod64Qam</ModulationType>
    <SymbolRate>6875</SymbolRate>
  </DVBCTuning>
  <DVBCTuning>
    <Frequency>578375</Frequency>
    <ModulationType>Mod64Qam</ModulationType>
    <SymbolRate>6875</SymbolRate>
  </DVBCTuning>
  <DVBCTuning>
    <Frequency>586375</Frequency>
    <ModulationType>Mod64Qam</ModulationType>
    <SymbolRate>6875</SymbolRate>
  </DVBCTuning>
  <DVBCTuning>
    <Frequency>594375</Frequency>
    <ModulationType>Mod64Qam</ModulationType>
    <SymbolRate>6875</SymbolRate>
  </DVBCTuning>
  <DVBCTuning>
    <Frequency>602375</Frequency>
    <ModulationType>Mod64Qam</ModulationType>
    <SymbolRate>6875</SymbolRate>
  </DVBCTuning>
  <DVBCTuning>
    <Frequency>610375</Frequency>
    <ModulationType>Mod64Qam</ModulationType>
    <SymbolRate>6875</SymbolRate>
  </DVBCTuning>
  <DVBCTuning>
    <Frequency>618375</Frequency>
    <ModulationType>Mod64Qam</ModulationType>
    <SymbolRate>6875</SymbolRate>
  </DVBCTuning>
  <DVBCTuning>
    <Frequency>626375</Frequency>
    <ModulationType>Mod64Qam</ModulationType>
    <SymbolRate>6875</SymbolRate>
  </DVBCTuning>
  <DVBCTuning>
    <Frequency>634375</Frequency>
    <ModulationType>Mod64Qam</ModulationType>
    <SymbolRate>6875</SymbolRate>
  </DVBCTuning>
  <DVBCTuning>
    <Frequency>642375</Frequency>
    <ModulationType>Mod64Qam</ModulationType>
    <SymbolRate>6875</SymbolRate>
  </DVBCTuning>
  <DVBCTuning>
    <Frequency>650375</Frequency>
    <ModulationType>Mod64Qam</ModulationType>
    <SymbolRate>6875</SymbolRate>
  </DVBCTuning>
  <DVBCTuning>
    <Frequency>658375</Frequency>
    <ModulationType>Mod64Qam</ModulationType>
    <SymbolRate>6875</SymbolRate>
  </DVBCTuning>
  <DVBCTuning>
    <Frequency>666375</Frequency>
    <ModulationType>Mod64Qam</ModulationType>
    <SymbolRate>6875</SymbolRate>
  </DVBCTuning>
  <DVBCTuning>
    <Frequency>674375</Frequency>
    <ModulationType>Mod64Qam</ModulationType>
    <SymbolRate>6875</SymbolRate>
  </DVBCTuning>
  <DVBCTuning>
    <Frequency>682375</Frequency>
    <ModulationType>Mod64Qam</ModulationType>
    <SymbolRate>6875</SymbolRate>
  </DVBCTuning>
  <DVBCTuning>
    <Frequency>690375</Frequency>
    <ModulationType>Mod64Qam</ModulationType>
    <SymbolRate>6875</SymbolRate>
  </DVBCTuning>
  <DVBCTuning>
    <Frequency>698375</Frequency>
    <ModulationType>Mod64Qam</ModulationType>
    <SymbolRate>6875</SymbolRate>
  </DVBCTuning>
  <DVBCTuning>
    <Frequency>706375</Frequency>
    <ModulationType>Mod64Qam</ModulationType>
    <SymbolRate>6875</SymbolRate>
  </DVBCTuning>
  <DVBCTuning>
    <Frequency>714375</Frequency>
    <ModulationType>Mod64Qam</ModulationType>
    <SymbolRate>6875</SymbolRate>
  </DVBCTuning>
  <DVBCTuning>
    <Frequency>725375</Frequency>
    <ModulationType>Mod64Qam</ModulationType>
    <SymbolRate>6875</SymbolRate>
  </DVBCTuning>
  <DVBCTuning>
    <Frequency>730375</Frequency>
    <ModulationType>Mod64Qam</ModulationType>
    <SymbolRate>6875</SymbolRate>
  </DVBCTuning>
  <DVBCTuning>
    <Frequency>738375</Frequency>
    <ModulationType>Mod64Qam</ModulationType>
    <SymbolRate>6875</SymbolRate>
  </DVBCTuning>
  <DVBCTuning>
    <Frequency>746375</Frequency>
    <ModulationType>Mod64Qam</ModulationType>
    <SymbolRate>6875</SymbolRate>
  </DVBCTuning>
  <DVBCTuning>
    <Frequency>754375</Frequency>
    <ModulationType>Mod64Qam</ModulationType>
    <SymbolRate>6875</SymbolRate>
  </DVBCTuning>
  <DVBCTuning>
    <Frequency>762375</Frequency>
    <ModulationType>Mod64Qam</ModulationType>
    <SymbolRate>6875</SymbolRate>
  </DVBCTuning>
  <DVBCTuning>
    <Frequency>780375</Frequency>
    <ModulationType>Mod64Qam</ModulationType>
    <SymbolRate>6875</SymbolRate>
  </DVBCTuning>
  <DVBCTuning>
    <Frequency>788375</Frequency>
    <ModulationType>Mod64Qam</ModulationType>
    <SymbolRate>6875</SymbolRate>
  </DVBCTuning>
  <DVBCTuning>
    <Frequency>796375</Frequency>
    <ModulationType>Mod64Qam</ModulationType>
    <SymbolRate>6875</SymbolRate>
  </DVBCTuning>
  <DVBCTuning>
    <Frequency>804375</Frequency>
    <ModulationType>Mod64Qam</ModulationType>
    <SymbolRate>6875</SymbolRate>
  </DVBCTuning>
  <DVBCTuning>
    <Frequency>812375</Frequency>
    <ModulationType>Mod64Qam</ModulationType>
    <SymbolRate>6875</SymbolRate>
  </DVBCTuning>
  <DVBCTuning>
    <Frequency>820375</Frequency>
    <ModulationType>Mod64Qam</ModulationType>
    <SymbolRate>6875</SymbolRate>
  </DVBCTuning>
  <DVBCTuning>
    <Frequency>828375</Frequency>
    <ModulationType>Mod64Qam</ModulationType>
    <SymbolRate>6875</SymbolRate>
  </DVBCTuning>
  <DVBCTuning>
    <Frequency>832375</Frequency>
    <ModulationType>Mod64Qam</ModulationType>
    <SymbolRate>6875</SymbolRate>
  </DVBCTuning>
  <DVBCTuning>
    <Frequency>840375</Frequency>
    <ModulationType>Mod64Qam</ModulationType>
    <SymbolRate>6875</SymbolRate>
  </DVBCTuning>
  <DVBCTuning>
    <Frequency>848375</Frequency>
    <ModulationType>Mod64Qam</ModulationType>
    <SymbolRate>6875</SymbolRate>
  </DVBCTuning>
  <DVBCTuning>
    <Frequency>856375</Frequency>
    <ModulationType>Mod64Qam</ModulationType>
    <SymbolRate>6875</SymbolRate>
  </DVBCTuning>
  <DVBCTuning>
    <Frequency>862375</Frequency>
    <ModulationType>Mod64Qam</ModulationType>
    <SymbolRate>6875</SymbolRate>
  </DVBCTuning>
  <DVBCTuning>
    <Frequency>880375</Frequency>
    <ModulationType>Mod64Qam</ModulationType>
    <SymbolRate>6875</SymbolRate>
  </DVBCTuning>
</ArrayOfDVBCTuning>