<?xml version="1.0" encoding="utf-8"?>
<ArrayOfDVBCTuning xmlns:xsi="http://www.w3.org/2001/XMLSchema-instance" xmlns:xsd="http://www.w3.org/2001/XMLSchema">
  <DVBCTuning>
    <Frequency>114000</Frequency>
    <ModulationType>Mod256Qam</ModulationType>
    <SymbolRate>6900</SymbolRate>
  </DVBCTuning>
  <DVBCTuning>
    <Frequency>122000</Frequency>
    <ModulationType>Mod64Qam</ModulationType>
    <SymbolRate>6900</SymbolRate>
  </DVBCTuning>
  <DVBCTuning>
    <Frequency>130000</Frequency>
    <ModulationType>Mod256Qam</ModulationType>
    <SymbolRate>6900</SymbolRate>
  </DVBCTuning>
  <DVBCTuning>
    <Frequency>330000</Frequency>
    <ModulationType>Mod256Qam</ModulationType>
    <SymbolRate>6900</SymbolRate>
  </DVBCTuning>
  <DVBCTuning>
    <Frequency>338000</Frequency>
    <ModulationType>Mod256Qam</ModulationType>
    <SymbolRate>6900</SymbolRate>
  </DVBCTuning>
  <DVBCTuning>
    <Frequency>346000</Frequency>
    <ModulationType>Mod256Qam</ModulationType>
    <SymbolRate>6900</SymbolRate>
  </DVBCTuning>
  <DVBCTuning>
    <Frequency>354000</Frequency>
    <ModulationType>Mod256Qam</ModulationType>
    <SymbolRate>6900</SymbolRate>
  </DVBCTuning>
  <DVBCTuning>
    <Frequency>362000</Frequency>
    <ModulationType>Mod256Qam</ModulationType>
    <SymbolRate>6900</SymbolRate>
  </DVBCTuning>
  <DVBCTuning>
    <Frequency>370000</Frequency>
    <ModulationType>Mod256Qam</ModulationType>
    <SymbolRate>6900</SymbolRate>
  </DVBCTuning>
  <DVBCTuning>
    <Frequency>378000</Frequency>
    <ModulationType>Mod256Qam</ModulationType>
    <SymbolRate>6900</SymbolRate>
  </DVBCTuning>
  <DVBCTuning>
    <Frequency>386000</Frequency>
    <ModulationType>Mod256Qam</ModulationType>
    <SymbolRate>6900</SymbolRate>
  </DVBCTuning>
  <DVBCTuning>
    <Frequency>394000</Frequency>
    <ModulationType>Mod256Qam</ModulationType>
    <SymbolRate>6900</SymbolRate>
  </DVBCTuning>
  <DVBCTuning>
    <Frequency>402000</Frequency>
    <ModulationType>Mod256Qam</ModulationType>
    <SymbolRate>6900</SymbolRate>
  </DVBCTuning>
  <DVBCTuning>
    <Frequency>410000</Frequency>
    <ModulationType>Mod256Qam</ModulationType>
    <SymbolRate>6900</SymbolRate>
  </DVBCTuning>
  <DVBCTuning>
    <Frequency>426000</Frequency>
    <ModulationType>Mod256Qam</ModulationType>
    <SymbolRate>6900</SymbolRate>
  </DVBCTuning>
  <DVBCTuning>
    <Frequency>434000</Frequency>
    <ModulationType>Mod256Qam</ModulationType>
    <SymbolRate>6900</SymbolRate>
  </DVBCTuning>
  <DVBCTuning>
    <Frequency>442000</Frequency>
    <ModulationType>Mod256Qam</ModulationType>
    <SymbolRate>6900</SymbolRate>
  </DVBCTuning>
  <DVBCTuning>
    <Frequency>450000</Frequency>
    <ModulationType>Mod256Qam</ModulationType>
    <SymbolRate>6900</SymbolRate>
  </DVBCTuning>
  <DVBCTuning>
    <Frequency>458000</Frequency>
    <ModulationType>Mod256Qam</ModulationType>
    <SymbolRate>6900</SymbolRate>
  </DVBCTuning>
  <DVBCTuning>
    <Frequency>466000</Frequency>
    <ModulationType>Mod256Qam</ModulationType>
    <SymbolRate>6900</SymbolRate>
  </DVBCTuning>
  <DVBCTuning>
    <Frequency>498000</Frequency>
    <ModulationType>Mod256Qam</ModulationType>
    <SymbolRate>6900</SymbolRate>
  </DVBCTuning>
  <DVBCTuning>
    <Frequency>522000</Frequency>
    <ModulationType>Mod256Qam</ModulationType>
    <SymbolRate>6900</SymbolRate>
  </DVBCTuning>
  <DVBCTuning>
    <Frequency>530000</Frequency>
    <ModulationType>Mod256Qam</ModulationType>
    <SymbolRate>6900</SymbolRate>
  </DVBCTuning>
  <DVBCTuning>
    <Frequency>538000</Frequency>
    <ModulationType>Mod256Qam</ModulationType>
    <SymbolRate>6900</SymbolRate>
  </DVBCTuning>
  <DVBCTuning>
    <Frequency>610000</Frequency>
    <ModulationType>Mod64Qam</ModulationType>
    <SymbolRate>6900</SymbolRate>
  </DVBCTuning>
  <DVBCTuning>
    <Frequency>618000</Frequency>
    <ModulationType>Mod256Qam</ModulationType>
    <SymbolRate>6900</SymbolRate>
  </DVBCTuning>
  <DVBCTuning>
    <Frequency>626000</Frequency>
    <ModulationType>Mod256Qam</ModulationType>
    <SymbolRate>6900</SymbolRate>
  </DVBCTuning>
  <DVBCTuning>
    <Frequency>642000</Frequency>
    <ModulationType>Mod256Qam</ModulationType>
    <SymbolRate>6900</SymbolRate>
  </DVBCTuning>
</ArrayOfDVBCTuning>