<?xml version="1.0" encoding="utf-8"?>
<ArrayOfDVBCTuning xmlns:xsi="http://www.w3.org/2001/XMLSchema-instance" xmlns:xsd="http://www.w3.org/2001/XMLSchema">
  <!-- Created on 2013-04-07 12:51 -->
  <!-- Transponder ID 101 with channels Nederland 1,Nederland 2,Nederland 3,TV West,TV West -->
  <DVBCTuning>
    <Frequency>538000</Frequency>
    <ModulationType>Mod64Qam</ModulationType>
    <SymbolRate>6900</SymbolRate>
  </DVBCTuning>
  <!-- Transponder ID 102 with channels BravaNL,Één,Canvas,TV Rijnmond,Nickelodeon,Omroep Brabant -->
  <DVBCTuning>
    <Frequency>554000</Frequency>
    <ModulationType>Mod64Qam</ModulationType>
    <SymbolRate>6900</SymbolRate>
  </DVBCTuning>
  <!-- Transponder ID 103 with channels SBS 6,NET5,Kindernet/Comedy Central,Veronica/DisneyXD,RTL8 -->
  <DVBCTuning>
    <Frequency>642000</Frequency>
    <ModulationType>Mod64Qam</ModulationType>
    <SymbolRate>6900</SymbolRate>
  </DVBCTuning>
  <!-- Transponder ID 104 with channels RTL4,RTL5,Net5 HD,RTL7 -->
  <DVBCTuning>
    <Frequency>658000</Frequency>
    <ModulationType>Mod64Qam</ModulationType>
    <SymbolRate>6900</SymbolRate>
  </DVBCTuning>
  <!-- Transponder ID 105 with channels Best 24,Pebble TV,BBC World,euronews,CNN International,TRT Turk,Xite -->
  <DVBCTuning>
    <Frequency>778000</Frequency>
    <ModulationType>Mod64Qam</ModulationType>
    <SymbolRate>6900</SymbolRate>
  </DVBCTuning>
  <!-- Transponder ID 106 with channels BBC One,BBC Two,GoedTV,RTM1,Mezzo,Journaal 24,VH1 Classic -->
  <DVBCTuning>
    <Frequency>570000</Frequency>
    <ModulationType>Mod64Qam</ModulationType>
    <SymbolRate>6900</SymbolRate>
  </DVBCTuning>
  <!-- Transponder ID 107 with channels TLC,Discovery Channel,Gemeente Westland TV,TV Utrecht,TV Polonia,TV Noord-Holland,TV5 Monde,192TV -->
  <DVBCTuning>
    <Frequency>682000</Frequency>
    <ModulationType>Mod64Qam</ModulationType>
    <SymbolRate>6900</SymbolRate>
  </DVBCTuning>
  <!-- Transponder ID 108 with channels Family7,Showroom,MTV NL,ZDF,Das Erste -->
  <DVBCTuning>
    <Frequency>706000</Frequency>
    <ModulationType>Mod64Qam</ModulationType>
    <SymbolRate>6900</SymbolRate>
  </DVBCTuning>
  <!-- Transponder ID 109 with channels Eurosport 2,Cultura 24,AT5,ARD Das Erste HD,MGM Movie Channel -->
  <DVBCTuning>
    <Frequency>650000</Frequency>
    <ModulationType>Mod64Qam</ModulationType>
    <SymbolRate>6900</SymbolRate>
  </DVBCTuning>
  <!-- Transponder ID 110 with channels ATV,NostalgieNet,Bloomberg Television,3SAT,RTBF La Deux,ARTE -->
  <DVBCTuning>
    <Frequency>730000</Frequency>
    <ModulationType>Mod64Qam</ModulationType>
    <SymbolRate>6900</SymbolRate>
  </DVBCTuning>
  <!-- Transponder ID 111 with channels Haberturk,Eredivisie Live Extra2,Eredivisie Live Extra3,STV,BBC Entertainment,Playboy TV,WDR -->
  <DVBCTuning>
    <Frequency>674000</Frequency>
    <ModulationType>Mod64Qam</ModulationType>
    <SymbolRate>6900</SymbolRate>
  </DVBCTuning>
  <!-- Transponder ID 112 with channels Sport1 Extra 2,Sport1 Select,Sport1 Golf,Sport1 Tennis,Sport1 Extra 1,Sport1 Voetbal -->
  <DVBCTuning>
    <Frequency>738000</Frequency>
    <ModulationType>Mod64Qam</ModulationType>
    <SymbolRate>6900</SymbolRate>
  </DVBCTuning>
  <!-- Transponder ID 113 with channels CNN Turk,Motors TV,Euro D,Nautical Channel,Fashion TV,Fine Living Network,CBS Reality,Extreme Sports -->
  <DVBCTuning>
    <Frequency>786000</Frequency>
    <ModulationType>Mod64Qam</ModulationType>
    <SymbolRate>6900</SymbolRate>
  </DVBCTuning>
  <!-- Transponder ID 114 with channels Nederland 1 HD,Private Spice,Holland Doc 24,Set Asia,X-MO,Hustler TV -->
  <DVBCTuning>
    <Frequency>306000</Frequency>
    <ModulationType>Mod64Qam</ModulationType>
    <SymbolRate>6900</SymbolRate>
  </DVBCTuning>
  <!-- Transponder ID 115 with channels WOS,,Regio TV InfoThuis -->
  <DVBCTuning>
    <Frequency>546000</Frequency>
    <ModulationType>Mod64Qam</ModulationType>
    <SymbolRate>6900</SymbolRate>
  </DVBCTuning>
  <!-- Transponder ID 116 with channels Comedy Central Family,BBC Three/CBBC,BBC Four/Cbeebies,Eredivisie Live Hoofdkanaal,Eredivisie Live Extra1 -->
  <DVBCTuning>
    <Frequency>842000</Frequency>
    <ModulationType>Mod64Qam</ModulationType>
    <SymbolRate>6900</SymbolRate>
  </DVBCTuning>
  <!-- Transponder ID 117 with channels Film1 Series,Film1 Premiere,Film1 Family,Film1 Sundance,Film1 Action -->
  <DVBCTuning>
    <Frequency>530000</Frequency>
    <ModulationType>Mod64Qam</ModulationType>
    <SymbolRate>6900</SymbolRate>
  </DVBCTuning>
  <!-- Transponder ID 118 with channels Phoenix CNE,Travel Channel,CNBC Europe,ESPN Classic,Omroep Flevoland,ESPN America,Baby TV,TCM -->
  <DVBCTuning>
    <Frequency>698000</Frequency>
    <ModulationType>Mod64Qam</ModulationType>
    <SymbolRate>6900</SymbolRate>
  </DVBCTuning>
  <!-- Transponder ID 119 with channels JCTV,TBN Europe,The Church Channel,Boomerang,Disc. World,Disc. Science,Investigation Discovery,13th Street -->
  <DVBCTuning>
    <Frequency>714000</Frequency>
    <ModulationType>Mod64Qam</ModulationType>
    <SymbolRate>6900</SymbolRate>
  </DVBCTuning>
  <!-- Transponder ID 120 with channels RTL Telekids,BravaHDTV,MTV Brand New,Nick Jr -->
  <DVBCTuning>
    <Frequency>666000</Frequency>
    <ModulationType>Mod64Qam</ModulationType>
    <SymbolRate>6900</SymbolRate>
  </DVBCTuning>
  <!-- Transponder ID 121 with channels CarChannel,Nick Toons,EuroStar,SLAM!TV,TGRT EU,Nick Hits,History,RTL Crime -->
  <DVBCTuning>
    <Frequency>634000</Frequency>
    <ModulationType>Mod64Qam</ModulationType>
    <SymbolRate>6900</SymbolRate>
  </DVBCTuning>
  <!-- Transponder ID 122 with channels CCTV9,TV Gelderland,FOX News Channel,Dorcel TV,Out TV,Syfy,RAI Uno,MTV Rocks,VH1,France 3 -->
  <DVBCTuning>
    <Frequency>626000</Frequency>
    <ModulationType>Mod64Qam</ModulationType>
    <SymbolRate>6900</SymbolRate>
  </DVBCTuning>
  <!-- Transponder ID 123 with channels La Une,ProSieben,Sat1,NDR,RTL Lounge,RTM5 Al Maghribiya,ducktv,MBC -->
  <DVBCTuning>
    <Frequency>690000</Frequency>
    <ModulationType>Mod64Qam</ModulationType>
    <SymbolRate>6900</SymbolRate>
  </DVBCTuning>
  <!-- Transponder ID 124 with channels myZen.tv,Caiway Evenementenkanaal,NTV,Dusk!,BBC HD -->
  <DVBCTuning>
    <Frequency>834000</Frequency>
    <ModulationType>Mod64Qam</ModulationType>
    <SymbolRate>6900</SymbolRate>
  </DVBCTuning>
  <!-- Transponder ID 125 with channels Film1 Premiere HD,Sport1 Select HD -->
  <DVBCTuning>
    <Frequency>314000</Frequency>
    <ModulationType>Mod64Qam</ModulationType>
    <SymbolRate>6900</SymbolRate>
  </DVBCTuning>
  <!-- Transponder ID 126 with channels Nat Geo Wild,Zappelin/Zapp,Kral TV,Kaze TV,Politiek 24,Lite TV,France 2,TV Oranje -->
  <DVBCTuning>
    <Frequency>618000</Frequency>
    <ModulationType>Mod64Qam</ModulationType>
    <SymbolRate>6900</SymbolRate>
  </DVBCTuning>
  <!-- Transponder ID 127 with channels NGC HD,24Kitchen,Al Jazeera,EWTN,Planet Turk,Food Network Channel -->
  <DVBCTuning>
    <Frequency>746000</Frequency>
    <ModulationType>Mod64Qam</ModulationType>
    <SymbolRate>6900</SymbolRate>
  </DVBCTuning>
  <!-- Transponder ID 128 with channels E! Pop of Culture,JimJam,Cartoon Network,France 24 -->
  <DVBCTuning>
    <Frequency>754000</Frequency>
    <ModulationType>Mod64Qam</ModulationType>
    <SymbolRate>6900</SymbolRate>
  </DVBCTuning>
  <!-- Transponder ID 129 with channels TVE Internaçional,Omrop Fryslan,L1,TV Drenthe,Omroep Zeeland,Eredivisie Live Hoofdkanaal HD -->
  <DVBCTuning>
    <Frequency>794000</Frequency>
    <ModulationType>Mod64Qam</ModulationType>
    <SymbolRate>6900</SymbolRate>
  </DVBCTuning>
  <!-- Transponder ID 130 with channels Al Jazeera Kids,Eredivisie Live Extra2 HD,History HD -->
  <DVBCTuning>
    <Frequency>802000</Frequency>
    <ModulationType>Mod64Qam</ModulationType>
    <SymbolRate>6900</SymbolRate>
  </DVBCTuning>
  <!-- Transponder ID 131 with channels RTL Television,FOXLife,NHK World,MTV Live HD -->
  <DVBCTuning>
    <Frequency>810000</Frequency>
    <ModulationType>Mod64Qam</ModulationType>
    <SymbolRate>6900</SymbolRate>
  </DVBCTuning>
  <!-- Transponder ID 132 with channels Horse & Country,Mezzo Live HD,FTV HD,Eurosport HD -->
  <DVBCTuning>
    <Frequency>610000</Frequency>
    <ModulationType>Mod64Qam</ModulationType>
    <SymbolRate>6900</SymbolRate>
  </DVBCTuning>
  <!-- Transponder ID 133 with channels Nederland 2 HD,Nederland 3 HD,Humor TV 24,101 TV -->
  <DVBCTuning>
    <Frequency>354000</Frequency>
    <ModulationType>Mod64Qam</ModulationType>
    <SymbolRate>6900</SymbolRate>
  </DVBCTuning>
  <!-- Transponder ID 134 with channels Caiway Informatie HD,RTL4 HD,RTL5 HD -->
  <DVBCTuning>
    <Frequency>586000</Frequency>
    <ModulationType>Mod64Qam</ModulationType>
    <SymbolRate>6900</SymbolRate>
  </DVBCTuning>
  <!-- Transponder ID 135 with channels Een HD,Canvas HD,Eredivisie Live Extra1 HD,Caiway informatie SD -->
  <DVBCTuning>
    <Frequency>578000</Frequency>
    <ModulationType>Mod64Qam</ModulationType>
    <SymbolRate>6900</SymbolRate>
  </DVBCTuning>
  <!-- Transponder ID 136 with channels RTL7 HD,RTL8 HD,Eurosport,NGC -->
  <DVBCTuning>
    <Frequency>362000</Frequency>
    <ModulationType>Mod64Qam</ModulationType>
    <SymbolRate>6900</SymbolRate>
  </DVBCTuning>
  <!-- Transponder ID 137 with channels Food Network Channel HD,Penthouse HD,TV Noord,TV Oost -->
  <DVBCTuning>
    <Frequency>322000</Frequency>
    <ModulationType>Mod64Qam</ModulationType>
    <SymbolRate>6900</SymbolRate>
  </DVBCTuning>
  <!-- Transponder ID 138 with channels Ketnet,Veronica/DisneyXD HD,SBS6 HD -->
  <DVBCTuning>
    <Frequency>330000</Frequency>
    <ModulationType>Mod64Qam</ModulationType>
    <SymbolRate>6900</SymbolRate>
  </DVBCTuning>
  <!-- Transponder ID 139 with channels Eredivisie Live Extra3 HD,Animal Planet HD,Mediaset Italia -->
  <DVBCTuning>
    <Frequency>338000</Frequency>
    <ModulationType>Mod64Qam</ModulationType>
    <SymbolRate>6900</SymbolRate>
  </DVBCTuning>
  <!-- Transponder ID 140 with channels Arte HD,ZDF HD -->
  <DVBCTuning>
    <Frequency>346000</Frequency>
    <ModulationType>Mod64Qam</ModulationType>
    <SymbolRate>6900</SymbolRate>
  </DVBCTuning>
  <!-- Transponder ID 141 with channels 24Kitchen HD -->
  <DVBCTuning>
    <Frequency>370000</Frequency>
    <ModulationType>Mod64Qam</ModulationType>
    <SymbolRate>6900</SymbolRate>
  </DVBCTuning>
  <!-- Transponder ID 142 with channels Penthouse HD1,Penthouse HD2 -->
  <DVBCTuning>
    <Frequency>378000</Frequency>
    <ModulationType>Mod64Qam</ModulationType>
    <SymbolRate>6900</SymbolRate>
  </DVBCTuning>
  <!-- Transponder ID 143 with channels BBC One HD -->
  <DVBCTuning>
    <Frequency>386000</Frequency>
    <ModulationType>Mod64Qam</ModulationType>
    <SymbolRate>6900</SymbolRate>
  </DVBCTuning>
  <!-- Transponder ID 144 with channels STAR Plus,STAR Gold,Star Jalsha,STAR One -->
  <DVBCTuning>
    <Frequency>850000</Frequency>
    <ModulationType>Mod64Qam</ModulationType>
    <SymbolRate>6900</SymbolRate>
  </DVBCTuning>
  <!-- Transponder ID 199 with channels XLnt iRadio Hits,CAIW Testbeeld,XLnt iRadio NL,XLnt iRadio Easy Listening,XLnt iRadio Rock,XLnt iRadio Oldies,Xlnt iRadio Klassiek -->
  <DVBCTuning>
    <Frequency>165000</Frequency>
    <ModulationType>Mod64Qam</ModulationType>
    <SymbolRate>6900</SymbolRate>
  </DVBCTuning>
</ArrayOfDVBCTuning>