<?xml version="1.0" encoding="utf-8"?>
<ArrayOfDVBCTuning xmlns:xsi="http://www.w3.org/2001/XMLSchema-instance" xmlns:xsd="http://www.w3.org/2001/XMLSchema">
  <!-- Created on 2013-08-19 15:50 -->
  <!-- Transponder ID 101 -->
  <!-- TV: [1] Nederland 1 [2] Nederland 2 [3] Nederland 3 [72] TV West -->
  <!-- Radio: [801] Radio 1 [802] Radio 2 [803] Radio 3 [804] Radio 4 [805] Radio 5 [806] Radio 6 [808] Fun X [851] Radio West -->
  <DVBCTuning>
    <Frequency>538000</Frequency>
    <ModulationType>Mod64Qam</ModulationType>
    <SymbolRate>6900</SymbolRate>
  </DVBCTuning>
  <!-- Transponder ID 102 -->
  <!-- TV: [17] Één [18] Canvas [22] Nickelodeon [43] BravaNL [73] TV Rijnmond [76] Omroep Brabant -->
  <!-- Radio: [831] Studio Brussel [832] MNM [833] VRT Radio1 [834] VRT Radio2 [835] Klara [837] FIP [852] Radio Rijnmond -->
  <DVBCTuning>
    <Frequency>554000</Frequency>
    <ModulationType>Mod64Qam</ModulationType>
    <SymbolRate>6900</SymbolRate>
  </DVBCTuning>
  <!-- Transponder ID 103 -->
  <!-- TV: [6] SBS 6 [8] Veronica/DisneyXD [9] NET5 [10] RTL8 [14] Kindernet/Comedy Central -->
  <!-- Radio: [807] Concertzender [809] 538 [810] Sky Radio [812] Veronica Radio [813] Radio 10 Gold -->
  <DVBCTuning>
    <Frequency>642000</Frequency>
    <ModulationType>Mod64Qam</ModulationType>
    <SymbolRate>6900</SymbolRate>
  </DVBCTuning>
  <!-- Transponder ID 104 -->
  <!-- TV: [4] RTL4 [5] RTL5 [7] RTL7 [509] Net5 HD -->
  <!-- Radio: [825] Efteling Radio [839] WDR 3 [840] WDR 4 [842] BBC Radio 1 [843] BBC Radio 2 [844] BBC Radio 3 [845] BBC Radio 4 [846] BBC World Service -->
  <DVBCTuning>
    <Frequency>658000</Frequency>
    <ModulationType>Mod64Qam</ModulationType>
    <SymbolRate>6900</SymbolRate>
  </DVBCTuning>
  <!-- Transponder ID 105 -->
  <!-- TV: [23] Pebble TV [31] CNN International [36] BBC World [37] euronews [46] Best 24 [57] Xite [335] TRT Turk -->
  <!-- Radio: -->
  <DVBCTuning>
    <Frequency>778000</Frequency>
    <ModulationType>Mod64Qam</ModulationType>
    <SymbolRate>6900</SymbolRate>
  </DVBCTuning>
  <!-- Transponder ID 106 -->
  <!-- TV: [30] Journaal 24 [33] VH1 Classic [34] BBC One [35] BBC Two [42] Mezzo [232] RTM1 [995] GoedTV -->
  <!-- Radio: [880] Radio Capelle -->
  <DVBCTuning>
    <Frequency>570000</Frequency>
    <ModulationType>Mod64Qam</ModulationType>
    <SymbolRate>6900</SymbolRate>
  </DVBCTuning>
  <!-- Transponder ID 107 -->
  <!-- TV: [11] TV Utrecht [15] Discovery Channel [28] TLC [32] 192TV [41] TV5 Monde [74] TV Noord-Holland [75] TV Utrecht [231] TV Polonia -->
  <!-- Radio: -->
  <DVBCTuning>
    <Frequency>682000</Frequency>
    <ModulationType>Mod64Qam</ModulationType>
    <SymbolRate>6900</SymbolRate>
  </DVBCTuning>
  <!-- Transponder ID 108 -->
  <!-- TV: [19] Showroom [25] MTV NL [38] Das Erste [39] ZDF [49] Family7 -->
  <!-- Radio: [838] NDR Kultur [841] Deutsche Welle -->
  <DVBCTuning>
    <Frequency>450000</Frequency>
    <ModulationType>Mod64Qam</ModulationType>
    <SymbolRate>6900</SymbolRate>
  </DVBCTuning>
  <!-- Transponder ID 109 -->
  <!-- TV: [26] Eurosport 2 [29] MGM Movie Channel [44] Cultura 24 [71] AT5 [538] ARD Das Erste HD -->
  <!-- Radio: -->
  <DVBCTuning>
    <Frequency>650000</Frequency>
    <ModulationType>Mod64Qam</ModulationType>
    <SymbolRate>6900</SymbolRate>
  </DVBCTuning>
  <!-- Transponder ID 110 -->
  <!-- TV: [40] ARTE [117] NostalgieNet [210] Bloomberg Television [217] 3SAT [227] RTBF La Deux [326] ATV -->
  <!-- Radio: -->
  <DVBCTuning>
    <Frequency>730000</Frequency>
    <ModulationType>Mod64Qam</ModulationType>
    <SymbolRate>6900</SymbolRate>
  </DVBCTuning>
  <!-- Transponder ID 111 -->
  <!-- TV: [99] Playboy TV [107] BBC Entertainment [215] WDR [322] FOX Sports 5 Eredivisie [323] Eredivisie Live Extra3 [327] STV [328] Haberturk -->
  <!-- Radio: [901] XLnt Opera [902] XLnt Operette [903] XLnt Classical [905] XLnt Crooners [906] XLnt Chill Out [907] XLnt Lounge [908] XLnt France [910] XLnt Relipop [911] XLnt Salsa [912] XLnt Italia [913] XLnt Reggae [914] XLnt Turk [916] XLnt Motown [917] XLnt Classic Jazz [918] XLnt Jazz [919] XLnt Blues [920] XLnt Filmmuziek [921] XLnt Party -->
  <DVBCTuning>
    <Frequency>674000</Frequency>
    <ModulationType>Mod64Qam</ModulationType>
    <SymbolRate>6900</SymbolRate>
  </DVBCTuning>
  <!-- Transponder ID 112 -->
  <!-- TV: [311] Sport1 Select [312] Sport1 Voetbal [313] Sport1 Golf [314] Sport1 Tennis [315] Sport1 Extra 1 [316] Sport1 Extra 2 -->
  <!-- Radio: -->
  <DVBCTuning>
    <Frequency>738000</Frequency>
    <ModulationType>Mod64Qam</ModulationType>
    <SymbolRate>6900</SymbolRate>
  </DVBCTuning>
  <!-- Transponder ID 113 -->
  <!-- TV: [87] Extreme Sports [90] Fashion TV [135] Fine Living Network [137] CBS Reality [139] Motors TV [204] Nautical Channel [325] Euro D [329] CNN Turk -->
  <!-- Radio: [922] XLnt Espana [923] XLnt Rock 'n Roll [924] XLnt Hip Hop [925] XLnt R&B [926] XLnt Trance [927] XLnt Dance [928] XLnt Jack FM [929] XLnt Classic Rock [930] XLnt Hard Rock [931] XLnt Alternative Rock [932] XLnt Rock [934] XLnt New Age [935] XLnt Love Songs -->
  <DVBCTuning>
    <Frequency>786000</Frequency>
    <ModulationType>Mod64Qam</ModulationType>
    <SymbolRate>6900</SymbolRate>
  </DVBCTuning>
  <!-- Transponder ID 114 -->
  <!-- TV: [118] Holland Doc 24 [149] Hustler TV [248] Private Spice [338] Set Asia [350] X-MO [501] Nederland 1 HD -->
  <!-- Radio: -->
  <DVBCTuning>
    <Frequency>306000</Frequency>
    <ModulationType>Mod64Qam</ModulationType>
    <SymbolRate>6900</SymbolRate>
  </DVBCTuning>
  <!-- Transponder ID 115 -->
  <!-- TV: [12] RTV9 [66] Regio TV InfoThuis -->
  <!-- Radio: [869] Radio Schiedam [870] ZOS Radio [872] Radio 90 FM [874] Gouwe Stad Radio [876] WOS Radio [877] HOS Radio -->
  <DVBCTuning>
    <Frequency>546000</Frequency>
    <ModulationType>Mod64Qam</ModulationType>
    <SymbolRate>6900</SymbolRate>
  </DVBCTuning>
  <!-- Transponder ID 116 -->
  <!-- TV: [106] Comedy Central Family [211] BBC Three/CBBC [212] BBC Four/Cbeebies [320] FOX Sports 1 Eredivisie [321] FOX Sports 3 Eredivisie -->
  <!-- Radio: -->
  <DVBCTuning>
    <Frequency>842000</Frequency>
    <ModulationType>Mod64Qam</ModulationType>
    <SymbolRate>6900</SymbolRate>
  </DVBCTuning>
  <!-- Transponder ID 117 -->
  <!-- TV: [301] Film1 Premiere [302] Film1 Action [303] Film1 Family [304] Film1 Sundance [305] Film1 Series -->
  <!-- Radio: -->
  <DVBCTuning>
    <Frequency>530000</Frequency>
    <ModulationType>Mod64Qam</ModulationType>
    <SymbolRate>6900</SymbolRate>
  </DVBCTuning>
  <!-- Transponder ID 118 -->
  <!-- TV: [84] Omroep Flevoland [86] TCM [89] Baby TV [114] Travel Channel [209] CNBC Europe [239] Phoenix CNE -->
  <!-- Radio: [811] Q Music [819] City FM [820] Arrow Rock [823] BNR Nieuwsradio [824] 100%NL [854] Radio M Utrecht [857] Radio Flevoland [864] Den Haag FM [871] Radio 9 [873] VLOH -->
  <DVBCTuning>
    <Frequency>698000</Frequency>
    <ModulationType>Mod64Qam</ModulationType>
    <SymbolRate>6900</SymbolRate>
  </DVBCTuning>
  <!-- Transponder ID 119 -->
  <!-- TV: [92] JCTV [94] TBN Europe [95] The Church Channel [104] 13th Street [111] Disc. Science [112] Disc. World [113] Investigation Discovery [122] Boomerang -->
  <!-- Radio: [855] Omroep Brabant Radio [866] Radio Decibel -->
  <DVBCTuning>
    <Frequency>714000</Frequency>
    <ModulationType>Mod64Qam</ModulationType>
    <SymbolRate>6900</SymbolRate>
  </DVBCTuning>
  <!-- Transponder ID 120 -->
  <!-- TV: [123] Nick Jr [126] RTL Telekids [414] BravaHDTV [528] TLC HD -->
  <!-- Radio: [814] Slam! FM [821] Sublime FM [822] Classic FM [853] Radio Noord Holland [867] Rick FM [868] Radio Aalsmeer -->
  <DVBCTuning>
    <Frequency>666000</Frequency>
    <ModulationType>Mod64Qam</ModulationType>
    <SymbolRate>6900</SymbolRate>
  </DVBCTuning>
  <!-- Transponder ID 121 -->
  <!-- TV: [103] RTL Crime [115] History [124] Nick Toons [125] Nick Hits [130] SLAM!TV [330] TGRT EU [331] EuroStar -->
  <!-- Radio: -->
  <DVBCTuning>
    <Frequency>634000</Frequency>
    <ModulationType>Mod64Qam</ModulationType>
    <SymbolRate>6900</SymbolRate>
  </DVBCTuning>
  <!-- Transponder ID 122 -->
  <!-- TV: [81] TV Gelderland [108] Syfy [134] Out TV [205] MTV Rocks [206] VH1 [208] FOX News Channel [225] France 3 [230] RAI Uno [238] CCTV9 [249] Dorcel TV -->
  <!-- Radio: [856] Radio Gelderland -->
  <DVBCTuning>
    <Frequency>626000</Frequency>
    <ModulationType>Mod64Qam</ModulationType>
    <SymbolRate>6900</SymbolRate>
  </DVBCTuning>
  <!-- Transponder ID 123 -->
  <!-- TV: [119] ducktv [132] RTL Lounge [216] NDR [218] Sat1 [219] ProSieben [226] La Une [235] RTM5 Al Maghribiya [236] MBC -->
  <!-- Radio: -->
  <DVBCTuning>
    <Frequency>690000</Frequency>
    <ModulationType>Mod64Qam</ModulationType>
    <SymbolRate>6900</SymbolRate>
  </DVBCTuning>
  <!-- Transponder ID 124 -->
  <!-- TV: [55] Caiway Evenementenkanaal [129] MTV Brand New [148] Dusk! [334] NTV [411] myZen.tv [419] BBC Two HD -->
  <!-- Radio: -->
  <DVBCTuning>
    <Frequency>834000</Frequency>
    <ModulationType>Mod64Qam</ModulationType>
    <SymbolRate>6900</SymbolRate>
  </DVBCTuning>
  <!-- Transponder ID 125 -->
  <!-- TV: [306] Film1 Premiere HD [310] Sport1 Select HD -->
  <!-- Radio: -->
  <DVBCTuning>
    <Frequency>314000</Frequency>
    <ModulationType>Mod64Qam</ModulationType>
    <SymbolRate>6900</SymbolRate>
  </DVBCTuning>
  <!-- Transponder ID 126 -->
  <!-- TV: [27] Nat Geo Wild [85] Politiek 24 [88] Lite TV [91] TV Oranje [121] Zappelin/Zapp [224] France 2 [237] Kaze TV [324] Kral TV -->
  <!-- Radio: -->
  <DVBCTuning>
    <Frequency>618000</Frequency>
    <ModulationType>Mod64Qam</ModulationType>
    <SymbolRate>6900</SymbolRate>
  </DVBCTuning>
  <!-- Transponder ID 127 -->
  <!-- TV: [24] 24Kitchen [93] EWTN [96] Food Network Channel [233] Al Jazeera [333] Planet Turk [413] NGC HD -->
  <!-- Radio: [904] XLnt Country [909] XLnt Arabian Nights [915] XLnt NL Luisterlied [933] XLnt Dance Classics [950] XLnt Nederpop Gold [951] XLnt Nederpop [952] XLnt Piratenhits [953] XLnt Comedy [954] XLnt Kiddo FM [955] XLnt Kleuterliedjes [956] XLnt Oldies [957] XLnt Today's Pop [958] XLnt Easy Listening [959] XLnt Hits [960] Xlnt Seasons [961] XLnt Nostalgie [962] XLnt Schlager [963] XLnt Musical [964] XLnt Skihut -->
  <DVBCTuning>
    <Frequency>746000</Frequency>
    <ModulationType>Mod64Qam</ModulationType>
    <SymbolRate>6900</SymbolRate>
  </DVBCTuning>
  <!-- Transponder ID 128 -->
  <!-- TV: [21] Cartoon Network [120] JimJam [133] E! Pop of Culture [223] France 24 [412] Discovery Channel HD [416] Nat Geo Wild HD -->
  <!-- Radio: -->
  <DVBCTuning>
    <Frequency>754000</Frequency>
    <ModulationType>Mod64Qam</ModulationType>
    <SymbolRate>6900</SymbolRate>
  </DVBCTuning>
  <!-- Transponder ID 129 -->
  <!-- TV: [77] Omrop Fryslan [80] TV Drenthe [82] L1 [83] Omroep Zeeland [229] TVE Internaçional [520] FOX Sports 1 Eredivisie HD -->
  <!-- Radio: [858] Omroep Zeeland Radio [859] Omrop Fryslan Radio [862] Radio Drenthe [863] L1 Radio -->
  <DVBCTuning>
    <Frequency>794000</Frequency>
    <ModulationType>Mod64Qam</ModulationType>
    <SymbolRate>6900</SymbolRate>
  </DVBCTuning>
  <!-- Transponder ID 130 -->
  <!-- TV: [234] Al Jazeera Kids [417] History HD [522] FOX Sports 5 Eredivisie HD -->
  <!-- Radio: -->
  <DVBCTuning>
    <Frequency>802000</Frequency>
    <ModulationType>Mod64Qam</ModulationType>
    <SymbolRate>6900</SymbolRate>
  </DVBCTuning>
  <!-- Transponder ID 131 -->
  <!-- TV: [20] FOX [105] FOXLife [220] RTL Television [240] NHK World [422] MTV Live HD -->
  <!-- Radio: -->
  <DVBCTuning>
    <Frequency>810000</Frequency>
    <ModulationType>Mod64Qam</ModulationType>
    <SymbolRate>6900</SymbolRate>
  </DVBCTuning>
  <!-- Transponder ID 132 -->
  <!-- TV: [136] Horse & Country [423] FTV HD [428] Mezzo Live HD [513] Eurosport HD -->
  <!-- Radio: -->
  <DVBCTuning>
    <Frequency>610000</Frequency>
    <ModulationType>Mod64Qam</ModulationType>
    <SymbolRate>6900</SymbolRate>
  </DVBCTuning>
  <!-- Transponder ID 133 -->
  <!-- TV: [101] 101 TV [102] Humor TV 24 [502] Nederland 2 HD [503] Nederland 3 HD -->
  <!-- Radio: -->
  <DVBCTuning>
    <Frequency>354000</Frequency>
    <ModulationType>Mod64Qam</ModulationType>
    <SymbolRate>6900</SymbolRate>
  </DVBCTuning>
  <!-- Transponder ID 134 -->
  <!-- TV: [504] RTL4 HD [505] RTL5 HD [519] Caiway Informatie HD -->
  <!-- Radio: -->
  <DVBCTuning>
    <Frequency>586000</Frequency>
    <ModulationType>Mod64Qam</ModulationType>
    <SymbolRate>6900</SymbolRate>
  </DVBCTuning>
  <!-- Transponder ID 135 -->
  <!-- TV: [54] Caiway informatie SD [517] Een HD [518] Canvas HD [521] FOX Sports 3 Eredivisie HD -->
  <!-- Radio: -->
  <DVBCTuning>
    <Frequency>578000</Frequency>
    <ModulationType>Mod64Qam</ModulationType>
    <SymbolRate>6900</SymbolRate>
  </DVBCTuning>
  <!-- Transponder ID 136 -->
  <!-- TV: [13] Eurosport [16] NGC [507] RTL7 HD [510] RTL8 HD -->
  <!-- Radio: -->
  <DVBCTuning>
    <Frequency>362000</Frequency>
    <ModulationType>Mod64Qam</ModulationType>
    <SymbolRate>6900</SymbolRate>
  </DVBCTuning>
  <!-- Transponder ID 137 -->
  <!-- TV: [78] TV Oost [79] TV Noord [421] Food Network Channel HD [448] Penthouse HD -->
  <!-- Radio: [860] Radio Noord [861] Radio Oost -->
  <DVBCTuning>
    <Frequency>322000</Frequency>
    <ModulationType>Mod64Qam</ModulationType>
    <SymbolRate>6900</SymbolRate>
  </DVBCTuning>
  <!-- Transponder ID 138 -->
  <!-- TV: [50] Ketnet [506] SBS6 HD [508] Veronica/DisneyXD HD -->
  <!-- Radio: -->
  <DVBCTuning>
    <Frequency>330000</Frequency>
    <ModulationType>Mod64Qam</ModulationType>
    <SymbolRate>6900</SymbolRate>
  </DVBCTuning>
  <!-- Transponder ID 139 -->
  <!-- TV: [222] Mediaset Italia [415] Animal Planet HD [523] Eredivisie Live Extra3 HD [620] FOX HD -->
  <!-- Radio: -->
  <DVBCTuning>
    <Frequency>338000</Frequency>
    <ModulationType>Mod64Qam</ModulationType>
    <SymbolRate>6900</SymbolRate>
  </DVBCTuning>
  <!-- Transponder ID 140 -->
  <!-- TV: [539] ZDF HD [540] Arte HD -->
  <!-- Radio: -->
  <DVBCTuning>
    <Frequency>346000</Frequency>
    <ModulationType>Mod64Qam</ModulationType>
    <SymbolRate>6900</SymbolRate>
  </DVBCTuning>
  <!-- Transponder ID 141 -->
  <!-- TV: [524] 24Kitchen HD -->
  <!-- Radio: -->
  <DVBCTuning>
    <Frequency>370000</Frequency>
    <ModulationType>Mod64Qam</ModulationType>
    <SymbolRate>6900</SymbolRate>
  </DVBCTuning>
  <!-- Transponder ID 142 -->
  <!-- TV: [449] Penthouse HD1 [450] Penthouse HD2 -->
  <!-- Radio: -->
  <DVBCTuning>
    <Frequency>378000</Frequency>
    <ModulationType>Mod64Qam</ModulationType>
    <SymbolRate>6900</SymbolRate>
  </DVBCTuning>
  <!-- Transponder ID 143 -->
  <!-- TV: [410] BBC One HD -->
  <!-- Radio: -->
  <DVBCTuning>
    <Frequency>386000</Frequency>
    <ModulationType>Mod64Qam</ModulationType>
    <SymbolRate>6900</SymbolRate>
  </DVBCTuning>
  <!-- Transponder ID 144 -->
  <!-- TV: [340] STAR Plus [341] STAR Gold [342] Star Jalsha [343] STAR One -->
  <!-- Radio: -->
  <DVBCTuning>
    <Frequency>850000</Frequency>
    <ModulationType>Mod64Qam</ModulationType>
    <SymbolRate>6900</SymbolRate>
  </DVBCTuning>
  <!-- Transponder ID 199 -->
  <!-- TV: [60] XLnt iRadio Hits [61] XLnt iRadio NL [62] XLnt iRadio Easy Listening [63] XLnt iRadio Rock [64] XLnt iRadio Oldies [65] Xlnt iRadio Klassiek [997] CAIW Testbeeld -->
  <!-- Radio: -->
  <DVBCTuning>
    <Frequency>165000</Frequency>
    <ModulationType>Mod64Qam</ModulationType>
    <SymbolRate>6900</SymbolRate>
  </DVBCTuning>
</ArrayOfDVBCTuning>