<?xml version="1.0" encoding="utf-8"?>
<ArrayOfDVBCTuning xmlns:xsi="http://www.w3.org/2001/XMLSchema-instance" xmlns:xsd="http://www.w3.org/2001/XMLSchema">
  <DVBCTuning>
    <Frequency>301000</Frequency>
    <ModulationType>Mod64Qam</ModulationType>
    <SymbolRate>6952</SymbolRate>
  </DVBCTuning>
  <DVBCTuning>
    <Frequency>323000</Frequency>
    <ModulationType>Mod64Qam</ModulationType>
    <SymbolRate>6952</SymbolRate>
  </DVBCTuning>
  <DVBCTuning>
    <Frequency>331000</Frequency>
    <ModulationType>Mod64Qam</ModulationType>
    <SymbolRate>6952</SymbolRate>
  </DVBCTuning>
  <DVBCTuning>
    <Frequency>339000</Frequency>
    <ModulationType>Mod64Qam</ModulationType>
    <SymbolRate>6952</SymbolRate>
  </DVBCTuning>
  <DVBCTuning>
    <Frequency>347000</Frequency>
    <ModulationType>Mod64Qam</ModulationType>
    <SymbolRate>6952</SymbolRate>
  </DVBCTuning>
  <DVBCTuning>
    <Frequency>355000</Frequency>
    <ModulationType>Mod64Qam</ModulationType>
    <SymbolRate>6952</SymbolRate>
  </DVBCTuning>
  <DVBCTuning>
    <Frequency>363000</Frequency>
    <ModulationType>Mod64Qam</ModulationType>
    <SymbolRate>6952</SymbolRate>
  </DVBCTuning>
  <DVBCTuning>
    <Frequency>371000</Frequency>
    <ModulationType>Mod64Qam</ModulationType>
    <SymbolRate>6952</SymbolRate>
  </DVBCTuning>
  <DVBCTuning>
    <Frequency>379000</Frequency>
    <ModulationType>Mod64Qam</ModulationType>
    <SymbolRate>6952</SymbolRate>
  </DVBCTuning>
  <DVBCTuning>
    <Frequency>387000</Frequency>
    <ModulationType>Mod64Qam</ModulationType>
    <SymbolRate>6952</SymbolRate>
  </DVBCTuning>
  <DVBCTuning>
    <Frequency>395000</Frequency>
    <ModulationType>Mod64Qam</ModulationType>
    <SymbolRate>6952</SymbolRate>
  </DVBCTuning>
  <DVBCTuning>
    <Frequency>403000</Frequency>
    <ModulationType>Mod64Qam</ModulationType>
    <SymbolRate>6952</SymbolRate>
  </DVBCTuning>
  <DVBCTuning>
    <Frequency>411000</Frequency>
    <ModulationType>Mod64Qam</ModulationType>
    <SymbolRate>6952</SymbolRate>
  </DVBCTuning>
  <DVBCTuning>
    <Frequency>419000</Frequency>
    <ModulationType>Mod64Qam</ModulationType>
    <SymbolRate>6952</SymbolRate>
  </DVBCTuning>
  <DVBCTuning>
    <Frequency>427000</Frequency>
    <ModulationType>Mod64Qam</ModulationType>
    <SymbolRate>6952</SymbolRate>
  </DVBCTuning>
  <DVBCTuning>
    <Frequency>435000</Frequency>
    <ModulationType>Mod64Qam</ModulationType>
    <SymbolRate>6952</SymbolRate>
  </DVBCTuning>
  <DVBCTuning>
    <Frequency>443000</Frequency>
    <ModulationType>Mod64Qam</ModulationType>
    <SymbolRate>6952</SymbolRate>
  </DVBCTuning>
  <DVBCTuning>
    <Frequency>451000</Frequency>
    <ModulationType>Mod64Qam</ModulationType>
    <SymbolRate>6952</SymbolRate>
  </DVBCTuning>
  <DVBCTuning>
    <Frequency>459000</Frequency>
    <ModulationType>Mod64Qam</ModulationType>
    <SymbolRate>6952</SymbolRate>
  </DVBCTuning>
  <DVBCTuning>
    <Frequency>467000</Frequency>
    <ModulationType>Mod64Qam</ModulationType>
    <SymbolRate>6952</SymbolRate>
  </DVBCTuning>
  <DVBCTuning>
    <Frequency>475000</Frequency>
    <ModulationType>Mod64Qam</ModulationType>
    <SymbolRate>6952</SymbolRate>
  </DVBCTuning>
  <DVBCTuning>
    <Frequency>483000</Frequency>
    <ModulationType>Mod64Qam</ModulationType>
    <SymbolRate>6952</SymbolRate>
  </DVBCTuning>
  <DVBCTuning>
    <Frequency>491000</Frequency>
    <ModulationType>Mod64Qam</ModulationType>
    <SymbolRate>6952</SymbolRate>
  </DVBCTuning>
  <DVBCTuning>
    <Frequency>499000</Frequency>
    <ModulationType>Mod64Qam</ModulationType>
    <SymbolRate>6952</SymbolRate>
  </DVBCTuning>
  <DVBCTuning>
    <Frequency>507000</Frequency>
    <ModulationType>Mod64Qam</ModulationType>
    <SymbolRate>6952</SymbolRate>
  </DVBCTuning>
  <DVBCTuning>
    <Frequency>515000</Frequency>
    <ModulationType>Mod64Qam</ModulationType>
    <SymbolRate>6952</SymbolRate>
  </DVBCTuning>
  <DVBCTuning>
    <Frequency>523000</Frequency>
    <ModulationType>Mod64Qam</ModulationType>
    <SymbolRate>6952</SymbolRate>
  </DVBCTuning>
  <DVBCTuning>
    <Frequency>531000</Frequency>
    <ModulationType>Mod64Qam</ModulationType>
    <SymbolRate>6952</SymbolRate>
  </DVBCTuning>
  <DVBCTuning>
    <Frequency>539000</Frequency>
    <ModulationType>Mod64Qam</ModulationType>
    <SymbolRate>6952</SymbolRate>
  </DVBCTuning>
  <DVBCTuning>
    <Frequency>547000</Frequency>
    <ModulationType>Mod64Qam</ModulationType>
    <SymbolRate>6952</SymbolRate>
  </DVBCTuning>
  <DVBCTuning>
    <Frequency>555000</Frequency>
    <ModulationType>Mod64Qam</ModulationType>
    <SymbolRate>6952</SymbolRate>
  </DVBCTuning>
  <DVBCTuning>
    <Frequency>563000</Frequency>
    <ModulationType>Mod64Qam</ModulationType>
    <SymbolRate>6952</SymbolRate>
  </DVBCTuning>
  <DVBCTuning>
    <Frequency>571000</Frequency>
    <ModulationType>Mod64Qam</ModulationType>
    <SymbolRate>6952</SymbolRate>
  </DVBCTuning>
  <DVBCTuning>
    <Frequency>579000</Frequency>
    <ModulationType>Mod64Qam</ModulationType>
    <SymbolRate>6952</SymbolRate>
  </DVBCTuning>
  <DVBCTuning>
    <Frequency>587000</Frequency>
    <ModulationType>Mod64Qam</ModulationType>
    <SymbolRate>6952</SymbolRate>
  </DVBCTuning>
  <DVBCTuning>
    <Frequency>595000</Frequency>
    <ModulationType>Mod64Qam</ModulationType>
    <SymbolRate>6952</SymbolRate>
  </DVBCTuning>
  <DVBCTuning>
    <Frequency>603000</Frequency>
    <ModulationType>Mod64Qam</ModulationType>
    <SymbolRate>6952</SymbolRate>
  </DVBCTuning>
  <DVBCTuning>
    <Frequency>611000</Frequency>
    <ModulationType>Mod64Qam</ModulationType>
    <SymbolRate>6952</SymbolRate>
  </DVBCTuning>
  <DVBCTuning>
    <Frequency>619000</Frequency>
    <ModulationType>Mod64Qam</ModulationType>
    <SymbolRate>6952</SymbolRate>
  </DVBCTuning>
  <DVBCTuning>
    <Frequency>627000</Frequency>
    <ModulationType>Mod64Qam</ModulationType>
    <SymbolRate>6952</SymbolRate>
  </DVBCTuning>
  <DVBCTuning>
    <Frequency>635000</Frequency>
    <ModulationType>Mod64Qam</ModulationType>
    <SymbolRate>6952</SymbolRate>
  </DVBCTuning>
  <DVBCTuning>
    <Frequency>643000</Frequency>
    <ModulationType>Mod64Qam</ModulationType>
    <SymbolRate>6952</SymbolRate>
  </DVBCTuning>
  <DVBCTuning>
    <Frequency>651000</Frequency>
    <ModulationType>Mod64Qam</ModulationType>
    <SymbolRate>6952</SymbolRate>
  </DVBCTuning>
  <DVBCTuning>
    <Frequency>659000</Frequency>
    <ModulationType>Mod64Qam</ModulationType>
    <SymbolRate>6952</SymbolRate>
  </DVBCTuning>
  <DVBCTuning>
    <Frequency>667000</Frequency>
    <ModulationType>Mod64Qam</ModulationType>
    <SymbolRate>6952</SymbolRate>
  </DVBCTuning>
  <DVBCTuning>
    <Frequency>675000</Frequency>
    <ModulationType>Mod64Qam</ModulationType>
    <SymbolRate>6952</SymbolRate>
  </DVBCTuning>
  <DVBCTuning>
    <Frequency>683000</Frequency>
    <ModulationType>Mod64Qam</ModulationType>
    <SymbolRate>6952</SymbolRate>
  </DVBCTuning>
  <DVBCTuning>
    <Frequency>691000</Frequency>
    <ModulationType>Mod64Qam</ModulationType>
    <SymbolRate>6952</SymbolRate>
  </DVBCTuning>
  <DVBCTuning>
    <Frequency>699000</Frequency>
    <ModulationType>Mod64Qam</ModulationType>
    <SymbolRate>6952</SymbolRate>
  </DVBCTuning>
  <DVBCTuning>
    <Frequency>707000</Frequency>
    <ModulationType>Mod64Qam</ModulationType>
    <SymbolRate>6952</SymbolRate>
  </DVBCTuning>
  <DVBCTuning>
    <Frequency>715000</Frequency>
    <ModulationType>Mod64Qam</ModulationType>
    <SymbolRate>6952</SymbolRate>
  </DVBCTuning>
  <DVBCTuning>
    <Frequency>723000</Frequency>
    <ModulationType>Mod64Qam</ModulationType>
    <SymbolRate>6952</SymbolRate>
  </DVBCTuning>
  <DVBCTuning>
    <Frequency>731000</Frequency>
    <ModulationType>Mod64Qam</ModulationType>
    <SymbolRate>6952</SymbolRate>
  </DVBCTuning>
  <DVBCTuning>
    <Frequency>739000</Frequency>
    <ModulationType>Mod64Qam</ModulationType>
    <SymbolRate>6952</SymbolRate>
  </DVBCTuning>
  <DVBCTuning>
    <Frequency>747000</Frequency>
    <ModulationType>Mod64Qam</ModulationType>
    <SymbolRate>6952</SymbolRate>
  </DVBCTuning>
  <DVBCTuning>
    <Frequency>755000</Frequency>
    <ModulationType>Mod64Qam</ModulationType>
    <SymbolRate>6952</SymbolRate>
  </DVBCTuning>
  <DVBCTuning>
    <Frequency>763000</Frequency>
    <ModulationType>Mod64Qam</ModulationType>
    <SymbolRate>6952</SymbolRate>
  </DVBCTuning>
  <DVBCTuning>
    <Frequency>771000</Frequency>
    <ModulationType>Mod64Qam</ModulationType>
    <SymbolRate>6952</SymbolRate>
  </DVBCTuning>
  <DVBCTuning>
    <Frequency>779000</Frequency>
    <ModulationType>Mod64Qam</ModulationType>
    <SymbolRate>6952</SymbolRate>
  </DVBCTuning>
  <DVBCTuning>
    <Frequency>787000</Frequency>
    <ModulationType>Mod64Qam</ModulationType>
    <SymbolRate>6952</SymbolRate>
  </DVBCTuning>
  <DVBCTuning>
    <Frequency>795000</Frequency>
    <ModulationType>Mod64Qam</ModulationType>
    <SymbolRate>6952</SymbolRate>
  </DVBCTuning>
</ArrayOfDVBCTuning>