<?xml version="1.0" encoding="utf-8"?>
<ArrayOfDVBCTuning xmlns:xsi="http://www.w3.org/2001/XMLSchema-instance" xmlns:xsd="http://www.w3.org/2001/XMLSchema">
  <DVBCTuning>
    <Frequency>203000</Frequency>
    <ModulationType>Mod64Qam</ModulationType>
    <SymbolRate>6887</SymbolRate>
  </DVBCTuning>
  <DVBCTuning>
    <Frequency>211000</Frequency>
    <ModulationType>Mod64Qam</ModulationType>
    <SymbolRate>6887</SymbolRate>
  </DVBCTuning>
  <DVBCTuning>
    <Frequency>219000</Frequency>
    <ModulationType>Mod64Qam</ModulationType>
    <SymbolRate>6887</SymbolRate>
  </DVBCTuning>
  <DVBCTuning>
    <Frequency>227000</Frequency>
    <ModulationType>Mod64Qam</ModulationType>
    <SymbolRate>6887</SymbolRate>
  </DVBCTuning>
  <DVBCTuning>
    <Frequency>235000</Frequency>
    <ModulationType>Mod64Qam</ModulationType>
    <SymbolRate>6887</SymbolRate>
  </DVBCTuning>
  <DVBCTuning>
    <Frequency>243000</Frequency>
    <ModulationType>Mod64Qam</ModulationType>
    <SymbolRate>6887</SymbolRate>
  </DVBCTuning>
  <DVBCTuning>
    <Frequency>251000</Frequency>
    <ModulationType>Mod64Qam</ModulationType>
    <SymbolRate>6887</SymbolRate>
  </DVBCTuning>
  <DVBCTuning>
    <Frequency>259000</Frequency>
    <ModulationType>Mod64Qam</ModulationType>
    <SymbolRate>6887</SymbolRate>
  </DVBCTuning>
  <DVBCTuning>
    <Frequency>267000</Frequency>
    <ModulationType>Mod64Qam</ModulationType>
    <SymbolRate>6887</SymbolRate>
  </DVBCTuning>
  <DVBCTuning>
    <Frequency>275000</Frequency>
    <ModulationType>Mod64Qam</ModulationType>
    <SymbolRate>6887</SymbolRate>
  </DVBCTuning>
  <DVBCTuning>
    <Frequency>283000</Frequency>
    <ModulationType>Mod64Qam</ModulationType>
    <SymbolRate>6887</SymbolRate>
  </DVBCTuning>
  <DVBCTuning>
    <Frequency>291000</Frequency>
    <ModulationType>Mod64Qam</ModulationType>
    <SymbolRate>6887</SymbolRate>
  </DVBCTuning>
  <DVBCTuning>
    <Frequency>299000</Frequency>
    <ModulationType>Mod64Qam</ModulationType>
    <SymbolRate>6887</SymbolRate>
  </DVBCTuning>
  <DVBCTuning>
    <Frequency>307000</Frequency>
    <ModulationType>Mod64Qam</ModulationType>
    <SymbolRate>6887</SymbolRate>
  </DVBCTuning>
  <DVBCTuning>
    <Frequency>315000</Frequency>
    <ModulationType>Mod64Qam</ModulationType>
    <SymbolRate>6887</SymbolRate>
  </DVBCTuning>
  <DVBCTuning>
    <Frequency>323000</Frequency>
    <ModulationType>Mod64Qam</ModulationType>
    <SymbolRate>6887</SymbolRate>
  </DVBCTuning>
  <DVBCTuning>
    <Frequency>331000</Frequency>
    <ModulationType>Mod64Qam</ModulationType>
    <SymbolRate>6887</SymbolRate>
  </DVBCTuning>
  <DVBCTuning>
    <Frequency>339000</Frequency>
    <ModulationType>Mod64Qam</ModulationType>
    <SymbolRate>6887</SymbolRate>
  </DVBCTuning>
  <DVBCTuning>
    <Frequency>347000</Frequency>
    <ModulationType>Mod64Qam</ModulationType>
    <SymbolRate>6887</SymbolRate>
  </DVBCTuning>
  <DVBCTuning>
    <Frequency>355000</Frequency>
    <ModulationType>Mod64Qam</ModulationType>
    <SymbolRate>6887</SymbolRate>
  </DVBCTuning>
  <DVBCTuning>
    <Frequency>363000</Frequency>
    <ModulationType>Mod64Qam</ModulationType>
    <SymbolRate>6887</SymbolRate>
  </DVBCTuning>
  <DVBCTuning>
    <Frequency>371000</Frequency>
    <ModulationType>Mod64Qam</ModulationType>
    <SymbolRate>6887</SymbolRate>
  </DVBCTuning>
  <DVBCTuning>
    <Frequency>379000</Frequency>
    <ModulationType>Mod64Qam</ModulationType>
    <SymbolRate>6887</SymbolRate>
  </DVBCTuning>
  <DVBCTuning>
    <Frequency>387000</Frequency>
    <ModulationType>Mod64Qam</ModulationType>
    <SymbolRate>6887</SymbolRate>
  </DVBCTuning>
  <DVBCTuning>
    <Frequency>395000</Frequency>
    <ModulationType>Mod64Qam</ModulationType>
    <SymbolRate>6887</SymbolRate>
  </DVBCTuning>
  <DVBCTuning>
    <Frequency>403000</Frequency>
    <ModulationType>Mod64Qam</ModulationType>
    <SymbolRate>6887</SymbolRate>
  </DVBCTuning>
  <DVBCTuning>
    <Frequency>411000</Frequency>
    <ModulationType>Mod64Qam</ModulationType>
    <SymbolRate>6887</SymbolRate>
  </DVBCTuning>
  <DVBCTuning>
    <Frequency>419000</Frequency>
    <ModulationType>Mod64Qam</ModulationType>
    <SymbolRate>6887</SymbolRate>
  </DVBCTuning>
  <DVBCTuning>
    <Frequency>427000</Frequency>
    <ModulationType>Mod64Qam</ModulationType>
    <SymbolRate>6887</SymbolRate>
  </DVBCTuning>
  <DVBCTuning>
    <Frequency>435000</Frequency>
    <ModulationType>Mod64Qam</ModulationType>
    <SymbolRate>6887</SymbolRate>
  </DVBCTuning>
  <DVBCTuning>
    <Frequency>443000</Frequency>
    <ModulationType>Mod64Qam</ModulationType>
    <SymbolRate>6887</SymbolRate>
  </DVBCTuning>
  <DVBCTuning>
    <Frequency>451000</Frequency>
    <ModulationType>Mod64Qam</ModulationType>
    <SymbolRate>6887</SymbolRate>
  </DVBCTuning>
  <DVBCTuning>
    <Frequency>459000</Frequency>
    <ModulationType>Mod64Qam</ModulationType>
    <SymbolRate>6887</SymbolRate>
  </DVBCTuning>
  <DVBCTuning>
    <Frequency>467000</Frequency>
    <ModulationType>Mod64Qam</ModulationType>
    <SymbolRate>6887</SymbolRate>
  </DVBCTuning>
  <DVBCTuning>
    <Frequency>475000</Frequency>
    <ModulationType>Mod64Qam</ModulationType>
    <SymbolRate>6887</SymbolRate>
  </DVBCTuning>
  <DVBCTuning>
    <Frequency>483000</Frequency>
    <ModulationType>Mod64Qam</ModulationType>
    <SymbolRate>6887</SymbolRate>
  </DVBCTuning>
  <DVBCTuning>
    <Frequency>491000</Frequency>
    <ModulationType>Mod64Qam</ModulationType>
    <SymbolRate>6887</SymbolRate>
  </DVBCTuning>
  <DVBCTuning>
    <Frequency>499000</Frequency>
    <ModulationType>Mod64Qam</ModulationType>
    <SymbolRate>6887</SymbolRate>
  </DVBCTuning>
  <DVBCTuning>
    <Frequency>507000</Frequency>
    <ModulationType>Mod64Qam</ModulationType>
    <SymbolRate>6887</SymbolRate>
  </DVBCTuning>
  <DVBCTuning>
    <Frequency>515000</Frequency>
    <ModulationType>Mod64Qam</ModulationType>
    <SymbolRate>6887</SymbolRate>
  </DVBCTuning>
  <DVBCTuning>
    <Frequency>523000</Frequency>
    <ModulationType>Mod64Qam</ModulationType>
    <SymbolRate>6887</SymbolRate>
  </DVBCTuning>
  <DVBCTuning>
    <Frequency>531000</Frequency>
    <ModulationType>Mod64Qam</ModulationType>
    <SymbolRate>6887</SymbolRate>
  </DVBCTuning>
  <DVBCTuning>
    <Frequency>539000</Frequency>
    <ModulationType>Mod64Qam</ModulationType>
    <SymbolRate>6887</SymbolRate>
  </DVBCTuning>
  <DVBCTuning>
    <Frequency>547000</Frequency>
    <ModulationType>Mod64Qam</ModulationType>
    <SymbolRate>6887</SymbolRate>
  </DVBCTuning>
  <DVBCTuning>
    <Frequency>555000</Frequency>
    <ModulationType>Mod64Qam</ModulationType>
    <SymbolRate>6887</SymbolRate>
  </DVBCTuning>
  <DVBCTuning>
    <Frequency>563000</Frequency>
    <ModulationType>Mod64Qam</ModulationType>
    <SymbolRate>6887</SymbolRate>
  </DVBCTuning>
  <DVBCTuning>
    <Frequency>571000</Frequency>
    <ModulationType>Mod64Qam</ModulationType>
    <SymbolRate>6887</SymbolRate>
  </DVBCTuning>
  <DVBCTuning>
    <Frequency>579000</Frequency>
    <ModulationType>Mod64Qam</ModulationType>
    <SymbolRate>6887</SymbolRate>
  </DVBCTuning>
  <DVBCTuning>
    <Frequency>587000</Frequency>
    <ModulationType>Mod64Qam</ModulationType>
    <SymbolRate>6887</SymbolRate>
  </DVBCTuning>
  <DVBCTuning>
    <Frequency>595000</Frequency>
    <ModulationType>Mod64Qam</ModulationType>
    <SymbolRate>6887</SymbolRate>
  </DVBCTuning>
  <DVBCTuning>
    <Frequency>603000</Frequency>
    <ModulationType>Mod64Qam</ModulationType>
    <SymbolRate>6887</SymbolRate>
  </DVBCTuning>
  <DVBCTuning>
    <Frequency>611000</Frequency>
    <ModulationType>Mod64Qam</ModulationType>
    <SymbolRate>6887</SymbolRate>
  </DVBCTuning>
  <DVBCTuning>
    <Frequency>619000</Frequency>
    <ModulationType>Mod64Qam</ModulationType>
    <SymbolRate>6887</SymbolRate>
  </DVBCTuning>
  <DVBCTuning>
    <Frequency>627000</Frequency>
    <ModulationType>Mod64Qam</ModulationType>
    <SymbolRate>6887</SymbolRate>
  </DVBCTuning>
  <DVBCTuning>
    <Frequency>635000</Frequency>
    <ModulationType>Mod64Qam</ModulationType>
    <SymbolRate>6887</SymbolRate>
  </DVBCTuning>
  <DVBCTuning>
    <Frequency>643000</Frequency>
    <ModulationType>Mod64Qam</ModulationType>
    <SymbolRate>6887</SymbolRate>
  </DVBCTuning>
  <DVBCTuning>
    <Frequency>651000</Frequency>
    <ModulationType>Mod64Qam</ModulationType>
    <SymbolRate>6887</SymbolRate>
  </DVBCTuning>
  <DVBCTuning>
    <Frequency>659000</Frequency>
    <ModulationType>Mod64Qam</ModulationType>
    <SymbolRate>6887</SymbolRate>
  </DVBCTuning>
  <DVBCTuning>
    <Frequency>667000</Frequency>
    <ModulationType>Mod64Qam</ModulationType>
    <SymbolRate>6887</SymbolRate>
  </DVBCTuning>
  <DVBCTuning>
    <Frequency>675000</Frequency>
    <ModulationType>Mod64Qam</ModulationType>
    <SymbolRate>6887</SymbolRate>
  </DVBCTuning>
  <DVBCTuning>
    <Frequency>683000</Frequency>
    <ModulationType>Mod64Qam</ModulationType>
    <SymbolRate>6887</SymbolRate>
  </DVBCTuning>
  <DVBCTuning>
    <Frequency>691000</Frequency>
    <ModulationType>Mod64Qam</ModulationType>
    <SymbolRate>6887</SymbolRate>
  </DVBCTuning>
  <DVBCTuning>
    <Frequency>699000</Frequency>
    <ModulationType>Mod64Qam</ModulationType>
    <SymbolRate>6887</SymbolRate>
  </DVBCTuning>
  <DVBCTuning>
    <Frequency>707000</Frequency>
    <ModulationType>Mod64Qam</ModulationType>
    <SymbolRate>6887</SymbolRate>
  </DVBCTuning>
  <DVBCTuning>
    <Frequency>715000</Frequency>
    <ModulationType>Mod64Qam</ModulationType>
    <SymbolRate>6887</SymbolRate>
  </DVBCTuning>
  <DVBCTuning>
    <Frequency>723000</Frequency>
    <ModulationType>Mod64Qam</ModulationType>
    <SymbolRate>6887</SymbolRate>
  </DVBCTuning>
  <DVBCTuning>
    <Frequency>731000</Frequency>
    <ModulationType>Mod64Qam</ModulationType>
    <SymbolRate>6887</SymbolRate>
  </DVBCTuning>
  <DVBCTuning>
    <Frequency>739000</Frequency>
    <ModulationType>Mod64Qam</ModulationType>
    <SymbolRate>6887</SymbolRate>
  </DVBCTuning>
  <DVBCTuning>
    <Frequency>747000</Frequency>
    <ModulationType>Mod64Qam</ModulationType>
    <SymbolRate>6887</SymbolRate>
  </DVBCTuning>
  <DVBCTuning>
    <Frequency>755000</Frequency>
    <ModulationType>Mod64Qam</ModulationType>
    <SymbolRate>6887</SymbolRate>
  </DVBCTuning>
  <DVBCTuning>
    <Frequency>763000</Frequency>
    <ModulationType>Mod64Qam</ModulationType>
    <SymbolRate>6887</SymbolRate>
  </DVBCTuning>
  <DVBCTuning>
    <Frequency>771000</Frequency>
    <ModulationType>Mod64Qam</ModulationType>
    <SymbolRate>6887</SymbolRate>
  </DVBCTuning>
  <DVBCTuning>
    <Frequency>779000</Frequency>
    <ModulationType>Mod64Qam</ModulationType>
    <SymbolRate>6887</SymbolRate>
  </DVBCTuning>
  <DVBCTuning>
    <Frequency>787000</Frequency>
    <ModulationType>Mod64Qam</ModulationType>
    <SymbolRate>6887</SymbolRate>
  </DVBCTuning>
  <DVBCTuning>
    <Frequency>795000</Frequency>
    <ModulationType>Mod64Qam</ModulationType>
    <SymbolRate>6887</SymbolRate>
  </DVBCTuning>
  <DVBCTuning>
    <Frequency>194750</Frequency>
    <ModulationType>Mod64Qam</ModulationType>
    <SymbolRate>6887</SymbolRate>
  </DVBCTuning>
  <DVBCTuning>
    <Frequency>202750</Frequency>
    <ModulationType>Mod64Qam</ModulationType>
    <SymbolRate>6887</SymbolRate>
  </DVBCTuning>
  <DVBCTuning>
    <Frequency>210750</Frequency>
    <ModulationType>Mod64Qam</ModulationType>
    <SymbolRate>6887</SymbolRate>
  </DVBCTuning>
  <DVBCTuning>
    <Frequency>218750</Frequency>
    <ModulationType>Mod64Qam</ModulationType>
    <SymbolRate>6887</SymbolRate>
  </DVBCTuning>
  <DVBCTuning>
    <Frequency>226750</Frequency>
    <ModulationType>Mod64Qam</ModulationType>
    <SymbolRate>6887</SymbolRate>
  </DVBCTuning>
  <DVBCTuning>
    <Frequency>234750</Frequency>
    <ModulationType>Mod64Qam</ModulationType>
    <SymbolRate>6887</SymbolRate>
  </DVBCTuning>
  <DVBCTuning>
    <Frequency>242750</Frequency>
    <ModulationType>Mod64Qam</ModulationType>
    <SymbolRate>6887</SymbolRate>
  </DVBCTuning>
  <DVBCTuning>
    <Frequency>250750</Frequency>
    <ModulationType>Mod64Qam</ModulationType>
    <SymbolRate>6887</SymbolRate>
  </DVBCTuning>
  <DVBCTuning>
    <Frequency>258750</Frequency>
    <ModulationType>Mod64Qam</ModulationType>
    <SymbolRate>6887</SymbolRate>
  </DVBCTuning>
  <DVBCTuning>
    <Frequency>266750</Frequency>
    <ModulationType>Mod64Qam</ModulationType>
    <SymbolRate>6887</SymbolRate>
  </DVBCTuning>
  <DVBCTuning>
    <Frequency>274750</Frequency>
    <ModulationType>Mod64Qam</ModulationType>
    <SymbolRate>6887</SymbolRate>
  </DVBCTuning>
  <DVBCTuning>
    <Frequency>282750</Frequency>
    <ModulationType>Mod64Qam</ModulationType>
    <SymbolRate>6887</SymbolRate>
  </DVBCTuning>
  <DVBCTuning>
    <Frequency>290750</Frequency>
    <ModulationType>Mod64Qam</ModulationType>
    <SymbolRate>6887</SymbolRate>
  </DVBCTuning>
  <DVBCTuning>
    <Frequency>298750</Frequency>
    <ModulationType>Mod64Qam</ModulationType>
    <SymbolRate>6887</SymbolRate>
  </DVBCTuning>
  <DVBCTuning>
    <Frequency>306750</Frequency>
    <ModulationType>Mod64Qam</ModulationType>
    <SymbolRate>6887</SymbolRate>
  </DVBCTuning>
  <DVBCTuning>
    <Frequency>314750</Frequency>
    <ModulationType>Mod64Qam</ModulationType>
    <SymbolRate>6887</SymbolRate>
  </DVBCTuning>
  <DVBCTuning>
    <Frequency>322750</Frequency>
    <ModulationType>Mod64Qam</ModulationType>
    <SymbolRate>6887</SymbolRate>
  </DVBCTuning>
  <DVBCTuning>
    <Frequency>330750</Frequency>
    <ModulationType>Mod64Qam</ModulationType>
    <SymbolRate>6887</SymbolRate>
  </DVBCTuning>
  <DVBCTuning>
    <Frequency>338750</Frequency>
    <ModulationType>Mod64Qam</ModulationType>
    <SymbolRate>6887</SymbolRate>
  </DVBCTuning>
  <DVBCTuning>
    <Frequency>346750</Frequency>
    <ModulationType>Mod64Qam</ModulationType>
    <SymbolRate>6887</SymbolRate>
  </DVBCTuning>
  <DVBCTuning>
    <Frequency>354750</Frequency>
    <ModulationType>Mod64Qam</ModulationType>
    <SymbolRate>6887</SymbolRate>
  </DVBCTuning>
  <DVBCTuning>
    <Frequency>362750</Frequency>
    <ModulationType>Mod64Qam</ModulationType>
    <SymbolRate>6887</SymbolRate>
  </DVBCTuning>
  <DVBCTuning>
    <Frequency>370750</Frequency>
    <ModulationType>Mod64Qam</ModulationType>
    <SymbolRate>6887</SymbolRate>
  </DVBCTuning>
  <DVBCTuning>
    <Frequency>378750</Frequency>
    <ModulationType>Mod64Qam</ModulationType>
    <SymbolRate>6887</SymbolRate>
  </DVBCTuning>
  <DVBCTuning>
    <Frequency>386750</Frequency>
    <ModulationType>Mod64Qam</ModulationType>
    <SymbolRate>6887</SymbolRate>
  </DVBCTuning>
  <DVBCTuning>
    <Frequency>394750</Frequency>
    <ModulationType>Mod64Qam</ModulationType>
    <SymbolRate>6887</SymbolRate>
  </DVBCTuning>
  <DVBCTuning>
    <Frequency>402750</Frequency>
    <ModulationType>Mod64Qam</ModulationType>
    <SymbolRate>6887</SymbolRate>
  </DVBCTuning>
  <DVBCTuning>
    <Frequency>410750</Frequency>
    <ModulationType>Mod64Qam</ModulationType>
    <SymbolRate>6887</SymbolRate>
  </DVBCTuning>
  <DVBCTuning>
    <Frequency>418750</Frequency>
    <ModulationType>Mod64Qam</ModulationType>
    <SymbolRate>6887</SymbolRate>
  </DVBCTuning>
  <DVBCTuning>
    <Frequency>426750</Frequency>
    <ModulationType>Mod64Qam</ModulationType>
    <SymbolRate>6887</SymbolRate>
  </DVBCTuning>
  <DVBCTuning>
    <Frequency>434750</Frequency>
    <ModulationType>Mod64Qam</ModulationType>
    <SymbolRate>6887</SymbolRate>
  </DVBCTuning>
  <DVBCTuning>
    <Frequency>442750</Frequency>
    <ModulationType>Mod64Qam</ModulationType>
    <SymbolRate>6887</SymbolRate>
  </DVBCTuning>
  <DVBCTuning>
    <Frequency>450750</Frequency>
    <ModulationType>Mod64Qam</ModulationType>
    <SymbolRate>6887</SymbolRate>
  </DVBCTuning>
  <DVBCTuning>
    <Frequency>458750</Frequency>
    <ModulationType>Mod64Qam</ModulationType>
    <SymbolRate>6887</SymbolRate>
  </DVBCTuning>
  <DVBCTuning>
    <Frequency>466750</Frequency>
    <ModulationType>Mod64Qam</ModulationType>
    <SymbolRate>6887</SymbolRate>
  </DVBCTuning>
  <DVBCTuning>
    <Frequency>474750</Frequency>
    <ModulationType>Mod64Qam</ModulationType>
    <SymbolRate>6887</SymbolRate>
  </DVBCTuning>
  <DVBCTuning>
    <Frequency>482750</Frequency>
    <ModulationType>Mod64Qam</ModulationType>
    <SymbolRate>6887</SymbolRate>
  </DVBCTuning>
  <DVBCTuning>
    <Frequency>490750</Frequency>
    <ModulationType>Mod64Qam</ModulationType>
    <SymbolRate>6887</SymbolRate>
  </DVBCTuning>
  <DVBCTuning>
    <Frequency>498750</Frequency>
    <ModulationType>Mod64Qam</ModulationType>
    <SymbolRate>6887</SymbolRate>
  </DVBCTuning>
  <DVBCTuning>
    <Frequency>506750</Frequency>
    <ModulationType>Mod64Qam</ModulationType>
    <SymbolRate>6887</SymbolRate>
  </DVBCTuning>
  <DVBCTuning>
    <Frequency>514750</Frequency>
    <ModulationType>Mod64Qam</ModulationType>
    <SymbolRate>6887</SymbolRate>
  </DVBCTuning>
  <DVBCTuning>
    <Frequency>522750</Frequency>
    <ModulationType>Mod64Qam</ModulationType>
    <SymbolRate>6887</SymbolRate>
  </DVBCTuning>
  <DVBCTuning>
    <Frequency>530750</Frequency>
    <ModulationType>Mod64Qam</ModulationType>
    <SymbolRate>6887</SymbolRate>
  </DVBCTuning>
  <DVBCTuning>
    <Frequency>538750</Frequency>
    <ModulationType>Mod64Qam</ModulationType>
    <SymbolRate>6887</SymbolRate>
  </DVBCTuning>
  <DVBCTuning>
    <Frequency>546750</Frequency>
    <ModulationType>Mod64Qam</ModulationType>
    <SymbolRate>6887</SymbolRate>
  </DVBCTuning>
  <DVBCTuning>
    <Frequency>554750</Frequency>
    <ModulationType>Mod64Qam</ModulationType>
    <SymbolRate>6887</SymbolRate>
  </DVBCTuning>
  <DVBCTuning>
    <Frequency>562750</Frequency>
    <ModulationType>Mod64Qam</ModulationType>
    <SymbolRate>6887</SymbolRate>
  </DVBCTuning>
  <DVBCTuning>
    <Frequency>570750</Frequency>
    <ModulationType>Mod64Qam</ModulationType>
    <SymbolRate>6887</SymbolRate>
  </DVBCTuning>
  <DVBCTuning>
    <Frequency>578750</Frequency>
    <ModulationType>Mod64Qam</ModulationType>
    <SymbolRate>6887</SymbolRate>
  </DVBCTuning>
  <DVBCTuning>
    <Frequency>586750</Frequency>
    <ModulationType>Mod64Qam</ModulationType>
    <SymbolRate>6887</SymbolRate>
  </DVBCTuning>
  <DVBCTuning>
    <Frequency>594750</Frequency>
    <ModulationType>Mod64Qam</ModulationType>
    <SymbolRate>6887</SymbolRate>
  </DVBCTuning>
  <DVBCTuning>
    <Frequency>602750</Frequency>
    <ModulationType>Mod64Qam</ModulationType>
    <SymbolRate>6887</SymbolRate>
  </DVBCTuning>
  <DVBCTuning>
    <Frequency>610750</Frequency>
    <ModulationType>Mod64Qam</ModulationType>
    <SymbolRate>6887</SymbolRate>
  </DVBCTuning>
  <DVBCTuning>
    <Frequency>618750</Frequency>
    <ModulationType>Mod64Qam</ModulationType>
    <SymbolRate>6887</SymbolRate>
  </DVBCTuning>
  <DVBCTuning>
    <Frequency>626750</Frequency>
    <ModulationType>Mod64Qam</ModulationType>
    <SymbolRate>6887</SymbolRate>
  </DVBCTuning>
  <DVBCTuning>
    <Frequency>634750</Frequency>
    <ModulationType>Mod64Qam</ModulationType>
    <SymbolRate>6887</SymbolRate>
  </DVBCTuning>
  <DVBCTuning>
    <Frequency>642750</Frequency>
    <ModulationType>Mod64Qam</ModulationType>
    <SymbolRate>6887</SymbolRate>
  </DVBCTuning>
  <DVBCTuning>
    <Frequency>650750</Frequency>
    <ModulationType>Mod64Qam</ModulationType>
    <SymbolRate>6887</SymbolRate>
  </DVBCTuning>
  <DVBCTuning>
    <Frequency>658750</Frequency>
    <ModulationType>Mod64Qam</ModulationType>
    <SymbolRate>6887</SymbolRate>
  </DVBCTuning>
  <DVBCTuning>
    <Frequency>666750</Frequency>
    <ModulationType>Mod64Qam</ModulationType>
    <SymbolRate>6887</SymbolRate>
  </DVBCTuning>
  <DVBCTuning>
    <Frequency>674750</Frequency>
    <ModulationType>Mod64Qam</ModulationType>
    <SymbolRate>6887</SymbolRate>
  </DVBCTuning>
  <DVBCTuning>
    <Frequency>682750</Frequency>
    <ModulationType>Mod64Qam</ModulationType>
    <SymbolRate>6887</SymbolRate>
  </DVBCTuning>
  <DVBCTuning>
    <Frequency>690750</Frequency>
    <ModulationType>Mod64Qam</ModulationType>
    <SymbolRate>6887</SymbolRate>
  </DVBCTuning>
  <DVBCTuning>
    <Frequency>698750</Frequency>
    <ModulationType>Mod64Qam</ModulationType>
    <SymbolRate>6887</SymbolRate>
  </DVBCTuning>
  <DVBCTuning>
    <Frequency>706750</Frequency>
    <ModulationType>Mod64Qam</ModulationType>
    <SymbolRate>6887</SymbolRate>
  </DVBCTuning>
  <DVBCTuning>
    <Frequency>714750</Frequency>
    <ModulationType>Mod64Qam</ModulationType>
    <SymbolRate>6887</SymbolRate>
  </DVBCTuning>
  <DVBCTuning>
    <Frequency>722750</Frequency>
    <ModulationType>Mod64Qam</ModulationType>
    <SymbolRate>6887</SymbolRate>
  </DVBCTuning>
  <DVBCTuning>
    <Frequency>730750</Frequency>
    <ModulationType>Mod64Qam</ModulationType>
    <SymbolRate>6887</SymbolRate>
  </DVBCTuning>
  <DVBCTuning>
    <Frequency>738750</Frequency>
    <ModulationType>Mod64Qam</ModulationType>
    <SymbolRate>6887</SymbolRate>
  </DVBCTuning>
  <DVBCTuning>
    <Frequency>746750</Frequency>
    <ModulationType>Mod64Qam</ModulationType>
    <SymbolRate>6887</SymbolRate>
  </DVBCTuning>
  <DVBCTuning>
    <Frequency>754750</Frequency>
    <ModulationType>Mod64Qam</ModulationType>
    <SymbolRate>6887</SymbolRate>
  </DVBCTuning>
  <DVBCTuning>
    <Frequency>762750</Frequency>
    <ModulationType>Mod64Qam</ModulationType>
    <SymbolRate>6887</SymbolRate>
  </DVBCTuning>
  <DVBCTuning>
    <Frequency>770750</Frequency>
    <ModulationType>Mod64Qam</ModulationType>
    <SymbolRate>6887</SymbolRate>
  </DVBCTuning>
  <DVBCTuning>
    <Frequency>778750</Frequency>
    <ModulationType>Mod64Qam</ModulationType>
    <SymbolRate>6887</SymbolRate>
  </DVBCTuning>
  <DVBCTuning>
    <Frequency>794750</Frequency>
    <ModulationType>Mod64Qam</ModulationType>
    <SymbolRate>6887</SymbolRate>
  </DVBCTuning>
</ArrayOfDVBCTuning>